Bin Id	Marker lineage	# genomes	# markers	# marker sets	0	1	2	3	4	5+	Completeness	Contamination	Strain heterogeneity
SRR9205533.asm1	p__Bacteroidetes (UID2605)	350	314	208	3	310	1	0	0	0	98.80	0.48	0.00
SRR9205534.asm1	p__Bacteroidetes (UID2605)	350	314	208	3	310	1	0	0	0	98.80	0.48	0.00
SRR9205536.asm1	p__Bacteroidetes (UID2605)	350	314	208	3	310	1	0	0	0	98.80	0.48	0.00
SRR9205537.asm1	p__Bacteroidetes (UID2605)	350	314	208	3	295	16	0	0	0	98.80	5.61	93.75
SRR9205538.asm1	p__Bacteroidetes (UID2605)	350	314	208	3	310	1	0	0	0	98.80	0.48	0.00
SRR9205539.asm1	p__Bacteroidetes (UID2605)	350	314	208	3	310	1	0	0	0	98.80	0.48	0.00
SRR9205540.asm1	p__Bacteroidetes (UID2605)	350	314	208	2	311	1	0	0	0	99.28	0.48	0.00
SRR9205541.asm1	p__Bacteroidetes (UID2605)	350	314	208	3	310	1	0	0	0	98.80	0.48	0.00
SRR9205543.asm1	o__Bacteroidales (UID2657)	160	492	269	2	490	0	0	0	0	99.26	0.00	0.00
SRR9205544.asm1	o__Bacteroidales (UID2657)	160	492	269	2	490	0	0	0	0	99.26	0.00	0.00
SRR9205553.asm1	g__Bacteroides (UID2691)	33	839	309	4	835	0	0	0	0	99.14	0.00	0.00
SRR9205555.asm1	g__Bacteroides (UID2691)	33	839	309	4	835	0	0	0	0	99.14	0.00	0.00
SRR9205558.asm1	g__Bacteroides (UID2691)	33	839	309	4	835	0	0	0	0	99.14	0.00	0.00
SRR9205559.asm1	g__Bacteroides (UID2691)	33	839	309	4	835	0	0	0	0	99.14	0.00	0.00
SRR9205560.asm1	g__Bacteroides (UID2691)	33	839	309	4	835	0	0	0	0	99.14	0.00	0.00
SRR9205562.asm1	g__Bacteroides (UID2691)	33	839	309	4	835	0	0	0	0	99.14	0.00	0.00
SRR9205563.asm1	g__Bacteroides (UID2691)	33	839	309	3	835	1	0	0	0	99.46	0.08	0.00
SRR9205571.asm1	g__Bacteroides (UID2691)	33	839	309	4	828	7	0	0	0	99.24	1.19	14.29
SRR9205572.asm1	g__Bacteroides (UID2691)	33	839	309	4	828	7	0	0	0	99.24	1.19	14.29
SRR9205575.asm1	g__Bacteroides (UID2691)	33	839	309	4	821	14	0	0	0	99.24	1.83	57.14
SRR9205578.asm1	k__Bacteria (UID2982)	88	229	147	3	226	0	0	0	0	97.96	0.00	0.00
SRR9205580.asm1	k__Bacteria (UID2982)	88	229	147	3	226	0	0	0	0	97.96	0.00	0.00
SRR9205581.asm1	k__Bacteria (UID2982)	88	229	147	3	226	0	0	0	0	97.96	0.00	0.00
SRR9205582.asm1	k__Bacteria (UID203)	5449	104	58	0	79	25	0	0	0	100.00	15.34	0.00
SRR9205586.asm1	g__Bacteroides (UID2691)	33	839	309	4	835	0	0	0	0	99.14	0.00	0.00
SRR9205593.asm1	g__Bacteroides (UID2691)	33	839	309	3	834	2	0	0	0	99.46	0.65	50.00
SRR9205598.asm1	g__Bacteroides (UID2691)	33	839	309	3	836	0	0	0	0	99.46	0.00	0.00
SRR9205599.asm1	g__Bacteroides (UID2691)	33	839	309	3	836	0	0	0	0	99.46	0.00	0.00
SRR9205603.asm1	g__Bacteroides (UID2691)	33	839	309	3	836	0	0	0	0	99.46	0.00	0.00
SRR9205606.asm1	g__Bacteroides (UID2691)	33	839	309	2	836	1	0	0	0	99.51	0.04	0.00
SRR9205608.asm1	g__Bacteroides (UID2691)	33	839	309	2	836	1	0	0	0	99.51	0.04	0.00
SRR9205614.asm1	g__Bacteroides (UID2691)	33	839	309	2	836	1	0	0	0	99.51	0.04	0.00
SRR9205618.asm1	p__Bacteroidetes (UID2605)	350	314	208	3	310	1	0	0	0	98.80	0.48	0.00
SRR9205619.asm1	k__Bacteria (UID203)	5449	104	58	0	44	59	1	0	0	100.00	56.05	0.00
SRR9205621.asm1	p__Bacteroidetes (UID2605)	350	314	208	3	295	16	0	0	0	98.80	5.61	93.75
SRR9205623.asm1	p__Bacteroidetes (UID2605)	350	314	208	2	311	1	0	0	0	99.28	0.48	0.00
SRR9205625.asm1	p__Bacteroidetes (UID2605)	350	314	208	3	310	1	0	0	0	98.80	0.48	0.00
SRR9205626.asm1	g__Bacteroides (UID2691)	33	839	309	4	835	0	0	0	0	99.14	0.00	0.00
SRR9205627.asm1	g__Bacteroides (UID2691)	33	839	309	3	835	1	0	0	0	99.46	0.08	0.00
SRR9205629.asm1	o__Bacteroidales (UID2657)	160	492	269	2	490	0	0	0	0	99.26	0.00	0.00
SRR9205633.asm1	o__Bacteroidales (UID2657)	160	492	269	2	490	0	0	0	0	99.26	0.00	0.00
SRR9205634.asm1	p__Bacteroidetes (UID2605)	350	314	208	3	310	1	0	0	0	98.80	0.48	0.00
SRR9205638.asm1	p__Bacteroidetes (UID2605)	350	314	208	3	310	1	0	0	0	98.80	0.48	0.00
SRR9205640.asm1	o__Bacteroidales (UID2657)	160	492	269	2	490	0	0	0	0	99.26	0.00	0.00
SRR9205642.asm1	o__Bacteroidales (UID2657)	160	492	269	2	490	0	0	0	0	99.26	0.00	0.00
SRR9205655.asm1	g__Bacteroides (UID2691)	33	839	309	3	835	1	0	0	0	99.46	0.08	0.00
SRR9205656.asm1	g__Bacteroides (UID2691)	33	839	309	3	835	1	0	0	0	99.46	0.08	0.00
SRR9205657.asm1	g__Bacteroides (UID2691)	33	839	309	3	835	1	0	0	0	99.48	0.04	0.00
SRR9205666.asm1	o__Bacteroidales (UID2654)	163	486	266	2	483	1	0	0	0	99.25	0.19	0.00
SRR9205668.asm1	p__Bacteroidetes (UID2605)	350	314	208	3	310	1	0	0	0	98.80	0.48	0.00
SRR9205675.asm1	g__Bacteroides (UID2691)	33	839	309	3	836	0	0	0	0	99.46	0.00	0.00
SRR9205683.asm1	o__Bacteroidales (UID2657)	160	492	269	2	490	0	0	0	0	99.26	0.00	0.00
SRR9205684.asm1	o__Bacteroidales (UID2657)	160	492	269	3	489	0	0	0	0	99.16	0.00	0.00
SRR9205686.asm1	o__Bacteroidales (UID2657)	160	492	269	2	487	3	0	0	0	99.26	0.33	0.00
SRR9205688.asm1	p__Bacteroidetes (UID2605)	350	314	208	3	310	1	0	0	0	98.80	0.48	0.00
SRR9205690.asm1	p__Bacteroidetes (UID2605)	350	314	208	3	310	1	0	0	0	98.80	0.48	0.00
SRR9205691.asm1	p__Bacteroidetes (UID2605)	350	314	208	3	310	1	0	0	0	98.80	0.48	0.00
SRR9205693.asm1	p__Bacteroidetes (UID2605)	350	314	208	3	310	1	0	0	0	98.80	0.48	0.00
SRR9205694.asm1	p__Bacteroidetes (UID2605)	350	314	208	3	310	1	0	0	0	98.80	0.48	0.00
SRR9205695.asm1	p__Bacteroidetes (UID2605)	350	314	208	3	310	1	0	0	0	98.80	0.48	0.00
SRR9205696.asm1	p__Bacteroidetes (UID2605)	350	314	208	3	310	1	0	0	0	98.80	0.48	0.00
SRR9205697.asm1	p__Bacteroidetes (UID2605)	350	314	208	2	311	1	0	0	0	99.28	0.48	0.00
SRR9205698.asm1	p__Bacteroidetes (UID2605)	350	314	208	3	310	1	0	0	0	98.80	0.48	0.00
SRR9205699.asm1	p__Bacteroidetes (UID2605)	350	314	208	3	310	1	0	0	0	98.80	0.48	0.00
SRR9205701.asm1	p__Bacteroidetes (UID2605)	350	314	208	3	310	1	0	0	0	98.80	0.48	0.00
SRR9205702.asm1	p__Bacteroidetes (UID2605)	350	314	208	3	310	1	0	0	0	98.80	0.48	0.00
SRR9205703.asm1	p__Bacteroidetes (UID2605)	350	314	208	3	310	1	0	0	0	98.80	0.48	0.00
SRR9205705.asm1	p__Bacteroidetes (UID2605)	350	314	208	2	311	1	0	0	0	99.28	0.48	0.00
SRR9205708.asm1	o__Bacteroidales (UID2657)	160	492	269	2	486	4	0	0	0	99.26	0.99	0.00
SRR9205709.asm1	g__Bacteroides (UID2691)	33	839	309	4	835	0	0	0	0	99.14	0.00	0.00
SRR9205712.asm1	g__Bacteroides (UID2691)	33	839	309	4	835	0	0	0	0	99.14	0.00	0.00
SRR9205715.asm1	g__Bacteroides (UID2691)	33	839	309	5	834	0	0	0	0	99.10	0.00	0.00
SRR9205716.asm1	g__Bacteroides (UID2691)	33	839	309	4	835	0	0	0	0	99.14	0.00	0.00
SRR9205717.asm1	g__Bacteroides (UID2691)	33	839	309	5	834	0	0	0	0	99.10	0.00	0.00
SRR9205718.asm1	g__Bacteroides (UID2691)	33	839	309	4	835	0	0	0	0	99.14	0.00	0.00
SRR9205720.asm1	g__Bacteroides (UID2691)	33	839	309	4	835	0	0	0	0	99.14	0.00	0.00
SRR9205724.asm1	g__Bacteroides (UID2691)	33	839	309	3	835	1	0	0	0	99.46	0.08	0.00
SRR9205746.asm1	o__Bacteroidales (UID2657)	160	492	269	5	486	1	0	0	0	98.65	0.37	0.00
SRR9205747.asm1	g__Bacteroides (UID2691)	33	839	309	4	835	0	0	0	0	99.14	0.00	0.00
SRR9205748.asm1	g__Bacteroides (UID2691)	33	839	309	4	835	0	0	0	0	99.14	0.00	0.00
SRR9205751.asm1	g__Bacteroides (UID2691)	33	839	309	4	835	0	0	0	0	99.14	0.00	0.00
SRR9205753.asm1	g__Bacteroides (UID2691)	33	839	309	4	835	0	0	0	0	99.14	0.00	0.00
SRR9205756.asm1	g__Bacteroides (UID2691)	33	839	309	4	835	0	0	0	0	99.14	0.00	0.00
SRR9205757.asm1	g__Bacteroides (UID2691)	33	839	309	4	835	0	0	0	0	99.14	0.00	0.00
SRR9205770.asm1	g__Bacteroides (UID2691)	33	839	309	4	828	7	0	0	0	99.24	1.19	14.29
SRR9205772.asm1	g__Bacteroides (UID2691)	33	839	309	4	828	7	0	0	0	99.24	1.19	14.29
SRR9205777.asm1	g__Bacteroides (UID2691)	33	839	309	7	830	2	0	0	0	98.89	0.12	0.00
SRR9205781.asm1	g__Bacteroides (UID2691)	33	839	309	3	835	1	0	0	0	99.46	0.08	0.00
SRR9205783.asm1	g__Bacteroides (UID2691)	33	839	309	3	835	1	0	0	0	99.46	0.08	0.00
SRR9205791.asm1	g__Bacteroides (UID2691)	33	839	309	3	835	1	0	0	0	99.46	0.08	0.00
SRR9205796.asm1	g__Bacteroides (UID2691)	33	839	309	3	835	1	0	0	0	99.46	0.08	0.00
SRR9205802.asm1	p__Bacteroidetes (UID2605)	350	314	208	3	310	1	0	0	0	98.80	0.48	0.00
SRR9205804.asm1	p__Bacteroidetes (UID2605)	350	314	208	2	311	1	0	0	0	99.28	0.48	0.00
SRR9205807.asm1	p__Bacteroidetes (UID2605)	350	314	208	3	310	1	0	0	0	98.80	0.48	0.00
SRR9205809.asm1	p__Bacteroidetes (UID2605)	350	314	208	3	310	1	0	0	0	98.80	0.48	0.00
SRR9205810.asm1	p__Bacteroidetes (UID2605)	350	314	208	3	297	14	0	0	0	98.80	5.29	92.86
SRR9205813.asm1	o__Bacteroidales (UID2657)	160	492	269	2	490	0	0	0	0	99.26	0.00	0.00
SRR9205817.asm1	o__Bacteroidales (UID2657)	160	492	269	2	490	0	0	0	0	99.26	0.00	0.00
SRR9205822.asm1	o__Bacteroidales (UID2657)	160	492	269	2	490	0	0	0	0	99.26	0.00	0.00
SRR9205826.asm1	g__Bacteroides (UID2691)	33	839	309	4	835	0	0	0	0	99.14	0.00	0.00
SRR9205827.asm1	g__Bacteroides (UID2691)	33	839	309	4	835	0	0	0	0	99.14	0.00	0.00
SRR9205836.asm1	o__Bacteroidales (UID2657)	160	492	269	2	490	0	0	0	0	99.26	0.00	0.00
SRR9205838.asm1	o__Bacteroidales (UID2657)	160	492	269	2	490	0	0	0	0	99.26	0.00	0.00
SRR9205841.asm1	k__Bacteria (UID203)	5449	103	58	0	1	19	78	2	3	100.00	199.43	33.22
SRR9205843.asm1	g__Bacteroides (UID2691)	33	839	309	4	834	1	0	0	0	99.14	0.32	0.00
SRR9205864.asm1	o__Bacteroidales (UID2654)	163	486	266	2	396	88	0	0	0	99.25	19.13	15.91
SRR9205866.asm1	o__Bacteroidales (UID2654)	163	486	266	2	483	1	0	0	0	99.25	0.19	0.00
SRR9205872.asm1	o__Bacteroidales (UID2657)	160	492	269	2	478	12	0	0	0	99.26	2.21	16.67
SRR9205875.asm1	k__Bacteria (UID203)	5449	104	58	0	54	50	0	0	0	100.00	34.06	0.00
SRR9205876.asm1	p__Bacteroidetes (UID2605)	350	314	208	3	310	1	0	0	0	98.80	0.48	0.00
SRR9205879.asm1	o__Bacteroidales (UID2657)	160	492	269	2	490	0	0	0	0	99.26	0.00	0.00
SRR9205884.asm1	o__Bacteroidales (UID2657)	160	492	269	2	490	0	0	0	0	99.26	0.00	0.00
SRR9205885.asm1	g__Bacteroides (UID2691)	33	839	309	5	834	0	0	0	0	99.10	0.00	0.00
SRR9205890.asm1	o__Bacteroidales (UID2657)	160	492	269	2	490	0	0	0	0	99.26	0.00	0.00
SRR9205896.asm1	g__Bacteroides (UID2691)	33	839	309	3	835	1	0	0	0	99.46	0.08	0.00
SRR9205905.asm1	o__Bacteroidales (UID2657)	160	492	269	2	490	0	0	0	0	99.26	0.00	0.00
SRR9205910.asm1	p__Bacteroidetes (UID2605)	350	314	208	3	310	1	0	0	0	98.80	0.48	0.00
SRR9205911.asm1	p__Bacteroidetes (UID2605)	350	314	208	3	310	1	0	0	0	98.80	0.48	0.00
SRR9205914.asm1	p__Bacteroidetes (UID2605)	350	314	208	3	310	1	0	0	0	98.80	0.48	0.00
SRR9205920.asm1	o__Bacteroidales (UID2657)	160	491	269	2	489	0	0	0	0	99.26	0.00	0.00
SRR9205921.asm1	o__Bacteroidales (UID2657)	160	491	269	2	487	2	0	0	0	99.26	0.21	0.00
SRR9205925.asm1	g__Bacteroides (UID2691)	33	839	309	3	835	1	0	0	0	99.46	0.08	0.00
SRR9205927.asm1	g__Bacteroides (UID2691)	33	839	309	3	835	1	0	0	0	99.46	0.08	0.00
SRR9205930.asm1	p__Bacteroidetes (UID2605)	350	314	208	3	310	1	0	0	0	98.80	0.48	0.00
SRR9205931.asm1	o__Bacteroidales (UID2657)	160	492	269	2	487	3	0	0	0	99.26	0.33	0.00
SRR9205933.asm1	o__Bacteroidales (UID2657)	160	492	269	2	487	3	0	0	0	99.26	0.33	0.00
SRR9205936.asm1	o__Bacteroidales (UID2657)	160	492	269	2	487	3	0	0	0	99.26	0.33	0.00
SRR9205939.asm1	o__Bacteroidales (UID2657)	160	492	269	2	487	3	0	0	0	99.26	0.33	0.00
SRR9205940.asm1	o__Bacteroidales (UID2657)	160	492	269	3	486	3	0	0	0	99.16	0.33	0.00
SRR9205943.asm1	g__Bacteroides (UID2691)	33	839	309	10	819	10	0	0	0	98.20	1.11	20.00
SRR9205944.asm1	g__Bacteroides (UID2691)	33	839	309	3	835	1	0	0	0	99.46	0.08	0.00
SRR9205961.asm1	p__Bacteroidetes (UID2605)	350	314	208	3	310	1	0	0	0	98.80	0.48	0.00
SRR9205963.asm1	p__Bacteroidetes (UID2605)	350	314	208	3	310	1	0	0	0	98.80	0.48	0.00
SRR9205964.asm1	p__Bacteroidetes (UID2605)	350	314	208	3	310	1	0	0	0	98.80	0.48	0.00
SRR9205966.asm1	p__Bacteroidetes (UID2605)	350	314	208	3	310	1	0	0	0	98.80	0.48	0.00
SRR9205971.asm1	p__Bacteroidetes (UID2605)	350	314	208	3	310	1	0	0	0	98.80	0.48	0.00
SRR9205972.asm1	p__Bacteroidetes (UID2605)	350	314	208	3	310	1	0	0	0	98.80	0.48	0.00
SRR9205974.asm1	k__Bacteria (UID203)	5449	103	58	0	62	41	0	0	0	100.00	42.03	0.00
SRR9205976.asm1	p__Bacteroidetes (UID2605)	350	314	208	3	310	1	0	0	0	98.80	0.48	0.00
SRR9205979.asm1	p__Bacteroidetes (UID2605)	350	314	208	3	310	1	0	0	0	98.80	0.48	0.00
SRR9205980.asm1	p__Bacteroidetes (UID2605)	350	314	208	3	310	1	0	0	0	98.80	0.48	0.00
SRR9205982.asm1	p__Bacteroidetes (UID2605)	350	314	208	3	310	1	0	0	0	98.80	0.48	0.00
SRR9205987.asm1	p__Bacteroidetes (UID2605)	350	314	208	3	310	1	0	0	0	98.80	0.48	0.00
SRR9205990.asm1	p__Bacteroidetes (UID2605)	350	314	208	3	310	1	0	0	0	98.80	0.48	0.00
SRR9205993.asm1	k__Bacteria (UID2982)	88	229	147	3	226	0	0	0	0	97.96	0.00	0.00
SRR9205994.asm1	k__Bacteria (UID2982)	88	229	147	3	226	0	0	0	0	97.96	0.00	0.00
SRR9205995.asm1	k__Bacteria (UID2982)	88	229	147	3	226	0	0	0	0	97.96	0.00	0.00
SRR9205996.asm1	k__Bacteria (UID2982)	88	229	147	3	226	0	0	0	0	97.96	0.00	0.00
SRR9206002.asm1	k__Bacteria (UID2982)	88	229	147	3	226	0	0	0	0	97.96	0.00	0.00
SRR9206004.asm1	o__Bacteroidales (UID2657)	160	492	269	2	475	15	0	0	0	99.26	3.16	93.33
SRR9206008.asm1	o__Bacteroidales (UID2657)	160	492	269	2	490	0	0	0	0	99.26	0.00	0.00
SRR9206014.asm1	o__Bacteroidales (UID2657)	160	492	269	2	489	1	0	0	0	99.26	0.19	0.00
SRR9206015.asm1	g__Bacteroides (UID2691)	33	839	309	3	686	150	0	0	0	99.46	18.55	64.67
SRR9206021.asm1	g__Bacteroides (UID2691)	33	839	309	3	836	0	0	0	0	99.46	0.00	0.00
SRR9206022.asm1	g__Bacteroides (UID2691)	33	839	309	3	834	2	0	0	0	99.46	0.35	0.00
SRR9206025.asm1	g__Bacteroides (UID2691)	33	839	309	2	836	1	0	0	0	99.51	0.04	0.00
SRR9206026.asm1	g__Bacteroides (UID2691)	33	839	309	2	836	1	0	0	0	99.51	0.04	0.00
SRR9206027.asm1	g__Bacteroides (UID2691)	33	839	309	3	835	1	0	0	0	99.48	0.04	0.00
SRR9206028.asm1	g__Bacteroides (UID2691)	33	839	309	4	835	0	0	0	0	99.14	0.00	0.00
SRR9206030.asm1	g__Bacteroides (UID2691)	33	839	309	2	836	1	0	0	0	99.51	0.04	0.00
SRR9206035.asm1	p__Bacteroidetes (UID2605)	350	314	208	3	310	1	0	0	0	98.80	0.48	0.00
SRR9206036.asm1	p__Bacteroidetes (UID2605)	350	314	208	3	310	1	0	0	0	98.80	0.48	0.00
SRR9206042.asm1	p__Bacteroidetes (UID2605)	350	314	208	3	310	1	0	0	0	98.80	0.48	0.00
SRR9206046.asm1	p__Bacteroidetes (UID2605)	350	314	208	3	310	1	0	0	0	98.80	0.48	0.00
SRR9206047.asm1	g__Bacteroides (UID2691)	33	839	309	3	835	1	0	0	0	99.46	0.08	0.00
SRR9206066.asm1	o__Bacteroidales (UID2657)	160	492	269	2	490	0	0	0	0	99.26	0.00	0.00
SRR9206067.asm1	o__Bacteroidales (UID2657)	160	492	269	2	490	0	0	0	0	99.26	0.00	0.00
SRR9206068.asm1	o__Bacteroidales (UID2657)	160	492	269	2	490	0	0	0	0	99.26	0.00	0.00
SRR9206076.asm1	g__Bacteroides (UID2691)	33	839	309	3	835	1	0	0	0	99.46	0.08	0.00
SRR9206077.asm1	g__Bacteroides (UID2691)	33	839	309	3	834	2	0	0	0	99.46	0.16	0.00
SRR9206081.asm1	g__Bacteroides (UID2691)	33	839	309	3	835	1	0	0	0	99.46	0.08	0.00
SRR9206082.asm1	g__Bacteroides (UID2691)	33	839	309	3	831	5	0	0	0	99.46	0.70	0.00
SRR9206083.asm1	g__Bacteroides (UID2691)	33	839	309	3	835	1	0	0	0	99.46	0.08	0.00
SRR9206088.asm1	p__Bacteroidetes (UID2605)	350	314	208	3	310	1	0	0	0	98.80	0.48	0.00
SRR9206099.asm1	p__Bacteroidetes (UID2605)	350	314	208	2	311	1	0	0	0	99.28	0.48	0.00
SRR9206100.asm1	p__Bacteroidetes (UID2605)	350	314	208	2	307	5	0	0	0	99.28	2.40	80.00
SRR9206104.asm1	o__Bacteroidales (UID2657)	160	492	269	2	489	1	0	0	0	99.26	0.12	0.00
SRR9206106.asm1	o__Bacteroidales (UID2657)	160	492	269	2	490	0	0	0	0	99.26	0.00	0.00
SRR9206107.asm1	o__Bacteroidales (UID2657)	160	492	269	2	465	25	0	0	0	99.26	5.58	100.00
SRR9206111.asm1	k__Bacteria (UID203)	5449	104	58	0	23	80	1	0	0	100.00	92.89	77.11
SRR9206118.asm1	g__Bacteroides (UID2691)	33	839	309	3	835	1	0	0	0	99.46	0.08	0.00
SRR9206120.asm1	g__Bacteroides (UID2691)	33	839	309	3	835	1	0	0	0	99.46	0.08	0.00
SRR9206123.asm1	p__Bacteroidetes (UID2605)	350	314	208	3	310	1	0	0	0	98.80	0.48	0.00
SRR9206125.asm1	p__Bacteroidetes (UID2605)	350	314	208	3	310	1	0	0	0	98.80	0.48	0.00
SRR9206127.asm1	p__Bacteroidetes (UID2605)	350	314	208	3	310	1	0	0	0	98.80	0.48	0.00
SRR9206137.asm1	g__Bacteroides (UID2691)	33	839	309	3	832	4	0	0	0	99.46	0.42	0.00
SRR9206140.asm1	g__Bacteroides (UID2691)	33	839	309	3	831	4	1	0	0	99.46	0.58	14.29
SRR9206141.asm1	g__Bacteroides (UID2691)	33	839	309	4	831	4	0	0	0	99.43	0.42	0.00
SRR9206142.asm1	g__Bacteroides (UID2691)	33	839	309	3	754	82	0	0	0	99.46	10.42	9.76
SRR9206143.asm1	g__Bacteroides (UID2691)	33	839	309	3	832	4	0	0	0	99.46	0.42	0.00
SRR9206144.asm1	g__Bacteroides (UID2691)	33	839	309	3	831	5	0	0	0	99.46	0.50	0.00
SRR9206145.asm1	g__Bacteroides (UID2691)	33	839	309	3	835	1	0	0	0	99.46	0.08	0.00
SRR9206146.asm1	g__Bacteroides (UID2691)	33	839	309	7	829	3	0	0	0	99.00	0.29	0.00
SRR9206149.asm1	g__Bacteroides (UID2691)	33	839	309	3	835	1	0	0	0	99.46	0.08	0.00
SRR9206150.asm1	g__Bacteroides (UID2691)	33	839	309	3	835	1	0	0	0	99.46	0.08	0.00
SRR9206155.asm1	g__Bacteroides (UID2691)	33	839	309	3	835	1	0	0	0	99.46	0.08	0.00
SRR9206167.asm1	p__Bacteroidetes (UID2605)	350	314	208	3	310	1	0	0	0	98.80	0.48	0.00
SRR9206169.asm1	p__Bacteroidetes (UID2605)	350	314	208	3	310	1	0	0	0	98.80	0.48	0.00
SRR9206170.asm1	p__Bacteroidetes (UID2605)	350	314	208	3	291	20	0	0	0	99.12	7.93	95.00
SRR9206171.asm1	p__Bacteroidetes (UID2605)	350	314	208	3	310	1	0	0	0	98.80	0.48	0.00
SRR9206178.asm1	o__Bacteroidales (UID2657)	160	492	269	2	490	0	0	0	0	99.26	0.00	0.00
SRR9206179.asm1	g__Bacteroides (UID2691)	33	839	309	3	835	1	0	0	0	99.46	0.08	0.00
SRR9206183.asm1	g__Bacteroides (UID2691)	33	839	309	3	835	1	0	0	0	99.46	0.08	0.00
SRR9206184.asm1	g__Bacteroides (UID2691)	33	839	309	3	835	1	0	0	0	99.46	0.08	0.00
SRR9206185.asm1	g__Bacteroides (UID2691)	33	839	309	3	835	1	0	0	0	99.46	0.08	0.00
SRR9206189.asm1	g__Bacteroides (UID2691)	33	839	309	3	835	1	0	0	0	99.46	0.08	0.00
SRR9206191.asm1	g__Bacteroides (UID2691)	33	839	309	3	835	1	0	0	0	99.46	0.08	0.00
SRR9206195.asm1	p__Bacteroidetes (UID2605)	350	314	208	3	310	1	0	0	0	98.80	0.48	0.00
SRR9206196.asm1	p__Bacteroidetes (UID2605)	350	314	208	2	311	1	0	0	0	99.28	0.48	0.00
SRR9206197.asm1	g__Bacteroides (UID2691)	33	839	309	3	835	1	0	0	0	99.46	0.08	0.00
SRR9206200.asm1	p__Bacteroidetes (UID2605)	350	314	208	3	310	1	0	0	0	98.80	0.48	0.00
SRR9206203.asm1	g__Bacteroides (UID2691)	33	839	309	3	830	6	0	0	0	99.46	0.93	0.00
SRR9206206.asm1	g__Bacteroides (UID2691)	33	839	309	4	829	6	0	0	0	99.41	0.46	0.00
SRR9206208.asm1	g__Bacteroides (UID2691)	33	839	309	4	831	4	0	0	0	99.41	0.57	25.00
SRR9206212.asm1	g__Bacillus (UID902)	44	1171	324	4	1165	2	0	0	0	98.92	0.46	0.00
SRR9206214.asm1	g__Bacteroides (UID2691)	33	839	309	4	828	7	0	0	0	99.24	1.19	14.29
SRR9206215.asm1	g__Bacteroides (UID2691)	33	839	309	4	829	6	0	0	0	99.24	0.86	0.00
SRR9206217.asm1	p__Bacteroidetes (UID2605)	350	314	208	2	311	1	0	0	0	99.28	0.48	0.00
SRR9206218.asm1	p__Bacteroidetes (UID2605)	350	314	208	0	302	12	0	0	0	100.00	3.09	0.00
SRR9206220.asm1	g__Bacteroides (UID2691)	33	839	309	103	724	12	0	0	0	85.39	1.35	16.67
SRR9206222.asm1	g__Bacteroides (UID2691)	33	839	309	4	828	7	0	0	0	99.24	1.19	14.29
SRR9206224.asm1	k__Bacteria (UID2982)	88	229	147	3	226	0	0	0	0	97.96	0.00	0.00
SRR9206226.asm1	k__Bacteria (UID2982)	88	229	147	3	226	0	0	0	0	97.96	0.00	0.00
SRR9206234.asm1	o__Bacteroidales (UID2657)	160	492	269	2	489	1	0	0	0	99.26	0.37	0.00
SRR9206235.asm1	o__Bacteroidales (UID2657)	160	492	269	2	489	1	0	0	0	99.26	0.37	0.00
SRR9206245.asm1	g__Bacteroides (UID2691)	33	839	309	4	835	0	0	0	0	99.14	0.00	0.00
SRR9206247.asm1	g__Bacteroides (UID2691)	33	839	309	3	836	0	0	0	0	99.46	0.00	0.00
SRR9206252.asm1	g__Bacteroides (UID2691)	33	839	309	3	835	1	0	0	0	99.46	0.04	0.00
SRR9206254.asm1	root (UID1)	5656	56	24	0	2	53	1	0	0	100.00	92.13	0.00
SRR9206259.asm1	p__Bacteroidetes (UID2605)	350	314	208	3	310	1	0	0	0	98.80	0.48	0.00
SRR9206269.asm1	p__Bacteroidetes (UID2605)	350	314	208	3	310	1	0	0	0	98.80	0.48	0.00
SRR9206270.asm1	g__Bacteroides (UID2691)	33	839	309	3	835	1	0	0	0	99.46	0.08	0.00
SRR9206274.asm1	o__Bacteroidales (UID2657)	160	492	269	2	490	0	0	0	0	99.26	0.00	0.00
SRR9206279.asm1	o__Bacteroidales (UID2657)	160	492	269	2	490	0	0	0	0	99.26	0.00	0.00
SRR9206286.asm1	g__Bacteroides (UID2691)	33	839	309	3	834	2	0	0	0	99.46	0.11	0.00
SRR9206290.asm1	g__Bacteroides (UID2691)	33	839	309	3	835	1	0	0	0	99.46	0.08	0.00
SRR9206296.asm1	p__Bacteroidetes (UID2605)	350	314	208	3	310	1	0	0	0	98.80	0.48	0.00
SRR9206302.asm1	p__Bacteroidetes (UID2605)	350	314	208	3	310	1	0	0	0	98.80	0.48	0.00
SRR9206303.asm1	p__Bacteroidetes (UID2605)	350	314	208	3	310	1	0	0	0	98.80	0.48	0.00
SRR9206304.asm1	g__Bacteroides (UID2691)	33	839	309	4	830	5	0	0	0	99.14	0.32	0.00
SRR9206305.asm1	g__Bacteroides (UID2691)	33	839	309	4	829	6	0	0	0	99.14	0.40	0.00
SRR9206312.asm1	g__Bacteroides (UID2691)	33	839	309	3	835	1	0	0	0	99.46	0.08	0.00
SRR9206313.asm1	g__Bacteroides (UID2691)	33	839	309	3	835	1	0	0	0	99.46	0.08	0.00
SRR9206317.asm1	p__Bacteroidetes (UID2605)	350	314	208	3	310	1	0	0	0	98.80	0.48	0.00
SRR9206319.asm1	o__Bacteroidales (UID2657)	160	492	269	5	484	3	0	0	0	98.39	0.33	0.00
SRR9206320.asm1	o__Bacteroidales (UID2657)	160	492	269	2	487	3	0	0	0	99.26	0.33	0.00
SRR9206322.asm1	o__Bacteroidales (UID2657)	160	492	269	2	487	3	0	0	0	99.26	0.33	0.00
SRR9206330.asm1	o__Bacteroidales (UID2657)	160	492	269	2	489	1	0	0	0	99.26	0.37	0.00
SRR9206332.asm1	p__Bacteroidetes (UID2605)	350	314	208	3	310	1	0	0	0	98.80	0.48	0.00
SRR9206338.asm1	p__Bacteroidetes (UID2605)	350	314	208	3	310	1	0	0	0	98.80	0.48	0.00
SRR9206339.asm1	p__Bacteroidetes (UID2605)	350	314	208	3	310	1	0	0	0	98.80	0.48	0.00
SRR9206341.asm1	p__Bacteroidetes (UID2605)	350	314	208	3	310	1	0	0	0	98.80	0.48	0.00
SRR9206344.asm1	p__Bacteroidetes (UID2605)	350	314	208	3	310	1	0	0	0	98.80	0.48	0.00
SRR9206346.asm1	p__Bacteroidetes (UID2605)	350	314	208	3	310	1	0	0	0	98.80	0.48	0.00
SRR9206348.asm1	p__Bacteroidetes (UID2605)	350	314	208	3	310	1	0	0	0	98.80	0.48	0.00
SRR9206349.asm1	g__Bacteroides (UID2691)	33	839	309	4	835	0	0	0	0	99.43	0.00	0.00
SRR9206360.asm1	g__Bacteroides (UID2691)	33	839	309	4	835	0	0	0	0	99.14	0.00	0.00
SRR9206363.asm1	g__Bacteroides (UID2691)	33	839	309	5	834	0	0	0	0	99.10	0.00	0.00
SRR9206366.asm1	p__Bacteroidetes (UID2605)	350	314	208	3	310	1	0	0	0	98.80	0.48	0.00
SRR9206367.asm1	p__Bacteroidetes (UID2605)	350	314	208	3	310	1	0	0	0	98.80	0.48	0.00
SRR9206371.asm1	p__Bacteroidetes (UID2605)	350	314	208	3	310	1	0	0	0	98.80	0.48	0.00
SRR9206372.asm1	p__Bacteroidetes (UID2605)	350	314	208	2	311	1	0	0	0	99.28	0.48	0.00
SRR9206387.asm1	o__Bacteroidales (UID2657)	160	492	269	2	489	1	0	0	0	99.26	0.37	0.00
SRR9206388.asm1	o__Bacteroidales (UID2657)	160	492	269	2	489	1	0	0	0	99.26	0.37	0.00
SRR9206389.asm1	o__Bacteroidales (UID2657)	160	492	269	2	490	0	0	0	0	99.26	0.00	0.00
SRR9206390.asm1	o__Bacteroidales (UID2657)	160	492	269	2	490	0	0	0	0	99.26	0.00	0.00
SRR9206394.asm1	o__Bacteroidales (UID2657)	160	492	269	2	489	1	0	0	0	99.26	0.37	0.00
SRR9206395.asm1	o__Bacteroidales (UID2657)	160	492	269	2	490	0	0	0	0	99.26	0.00	0.00
SRR9206397.asm1	g__Bacteroides (UID2691)	33	839	309	4	831	4	0	0	0	99.14	0.54	0.00
SRR9206399.asm1	g__Bacteroides (UID2691)	33	839	309	4	835	0	0	0	0	99.14	0.00	0.00
SRR9206405.asm1	o__Bacteroidales (UID2657)	160	492	269	2	487	3	0	0	0	99.26	0.33	0.00
SRR9206407.asm1	o__Bacteroidales (UID2657)	160	492	269	3	486	3	0	0	0	99.16	0.33	0.00
SRR9206423.asm1	g__Bacteroides (UID2691)	33	839	309	3	835	1	0	0	0	99.46	0.08	0.00
SRR9206426.asm1	g__Bacteroides (UID2691)	33	839	309	4	826	9	0	0	0	99.30	0.86	44.44
SRR9206427.asm1	g__Bacteroides (UID2691)	33	839	309	4	834	1	0	0	0	99.33	0.08	0.00
SRR9206431.asm1	g__Bacteroides (UID2691)	33	839	309	4	833	2	0	0	0	99.30	0.24	0.00
SRR9206439.asm1	g__Bacteroides (UID2691)	33	839	309	3	835	1	0	0	0	99.46	0.08	0.00
SRR9206441.asm1	g__Bacteroides (UID2691)	33	839	309	121	705	13	0	0	0	84.09	1.77	0.00
SRR9206443.asm1	g__Bacteroides (UID2691)	33	839	309	3	835	1	0	0	0	99.46	0.08	0.00
SRR9206445.asm1	g__Bacteroides (UID2691)	33	839	309	3	835	1	0	0	0	99.46	0.08	0.00
SRR9206446.asm1	g__Bacteroides (UID2691)	33	839	309	3	835	1	0	0	0	99.46	0.08	0.00
SRR9206447.asm1	g__Bacteroides (UID2691)	33	839	309	3	835	1	0	0	0	99.46	0.08	0.00
SRR9206453.asm1	p__Bacteroidetes (UID2605)	350	314	208	3	310	1	0	0	0	98.80	0.48	0.00
SRR9206455.asm1	p__Bacteroidetes (UID2605)	350	314	208	3	310	1	0	0	0	98.80	0.48	0.00
SRR9206456.asm1	p__Bacteroidetes (UID2605)	350	314	208	3	310	1	0	0	0	98.80	0.48	0.00
SRR9206458.asm1	p__Bacteroidetes (UID2605)	350	314	208	3	310	1	0	0	0	98.80	0.48	0.00
SRR9206459.asm1	p__Bacteroidetes (UID2605)	350	314	208	3	310	1	0	0	0	98.80	0.48	0.00
SRR9206461.asm1	p__Bacteroidetes (UID2605)	350	314	208	3	310	1	0	0	0	98.80	0.48	0.00
SRR9206466.asm1	p__Bacteroidetes (UID2605)	350	314	208	2	308	4	0	0	0	99.28	0.96	50.00
SRR9206468.asm1	g__Bacteroides (UID2691)	33	839	309	33	799	7	0	0	0	93.63	0.81	0.00
SRR9206471.asm1	g__Bacteroides (UID2691)	33	839	309	34	798	7	0	0	0	93.31	0.81	0.00
SRR9206473.asm1	g__Bacteroides (UID2691)	33	839	309	29	779	31	0	0	0	94.76	3.43	51.61
SRR9206474.asm1	g__Bacteroides (UID2691)	33	839	309	34	716	88	1	0	0	93.31	11.54	8.79
SRR9206475.asm1	g__Bacteroides (UID2691)	33	839	309	34	797	8	0	0	0	93.31	1.13	12.50
SRR9206479.asm1	p__Bacteroidetes (UID2605)	350	314	208	3	310	1	0	0	0	98.80	0.48	0.00
SRR9206484.asm1	o__Bacteroidales (UID2657)	160	492	269	2	487	3	0	0	0	99.26	0.87	0.00
SRR9206489.asm1	g__Bacteroides (UID2691)	33	839	309	3	835	1	0	0	0	99.46	0.08	0.00
SRR9206496.asm1	g__Bacteroides (UID2691)	33	839	309	3	835	1	0	0	0	99.46	0.08	0.00
SRR9206497.asm1	o__Bacteroidales (UID2657)	160	492	269	2	486	4	0	0	0	99.26	0.99	0.00
SRR9206504.asm1	g__Bacteroides (UID2691)	33	839	309	4	835	0	0	0	0	99.14	0.00	0.00
SRR9206505.asm1	g__Bacteroides (UID2691)	33	839	309	4	835	0	0	0	0	99.14	0.00	0.00
SRR9206507.asm1	g__Bacteroides (UID2691)	33	839	309	5	834	0	0	0	0	99.10	0.00	0.00
SRR9206510.asm1	g__Bacteroides (UID2691)	33	839	309	4	831	4	0	0	0	99.43	0.42	0.00
SRR9206512.asm1	g__Bacteroides (UID2691)	33	839	309	3	832	4	0	0	0	99.46	0.42	0.00
SRR9219813.asm1	o__Lactobacillales (UID544)	293	475	267	1	473	1	0	0	0	99.63	0.19	0.00
SRR9219816.asm1	o__Lactobacillales (UID544)	293	475	267	1	473	1	0	0	0	99.63	0.19	0.00
SRR9219822.asm1	f__Enterobacteriaceae (UID5124)	134	1173	336	3	1166	4	0	0	0	99.86	0.09	0.00
SRR9219823.asm1	f__Enterobacteriaceae (UID5162)	88	1207	328	2	1200	4	1	0	0	99.93	0.65	42.86
SRR9219824.asm1	f__Bifidobacteriaceae (UID1458)	77	464	220	0	463	1	0	0	0	100.00	0.23	0.00
SRR9219825.asm1	f__Bifidobacteriaceae (UID1458)	77	464	220	0	463	1	0	0	0	100.00	0.23	0.00
SRR9219826.asm1	f__Bifidobacteriaceae (UID1458)	77	464	220	0	463	1	0	0	0	100.00	0.23	0.00
SRR9219827.asm1	f__Bifidobacteriaceae (UID1458)	77	464	220	0	463	1	0	0	0	100.00	0.23	0.00
SRR9219833.asm1	f__Bifidobacteriaceae (UID1458)	77	464	220	0	463	1	0	0	0	100.00	0.23	0.00
SRR9219842.asm1	root (UID1)	5656	56	24	0	0	55	1	0	0	100.00	104.17	1.72
SRR9219846.asm1	f__Enterobacteriaceae (UID5124)	134	1173	336	3	1166	4	0	0	0	99.86	0.09	0.00
SRR9219851.asm1	f__Enterobacteriaceae (UID5124)	134	1173	336	7	1161	5	0	0	0	99.47	0.19	0.00
SRR9219852.asm1	f__Enterobacteriaceae (UID5124)	134	1173	336	1	1170	2	0	0	0	99.97	0.09	0.00
SRR9219854.asm1	f__Enterobacteriaceae (UID5124)	134	1173	336	1	1171	1	0	0	0	99.97	0.04	0.00
SRR9219860.asm1	k__Bacteria (UID203)	5449	104	58	0	71	32	1	0	0	100.00	37.54	45.71
SRR9219861.asm1	f__Enterobacteriaceae (UID5124)	134	1173	336	3	1166	4	0	0	0	99.86	0.09	0.00
SRR9219862.asm1	f__Enterobacteriaceae (UID5124)	134	1173	336	1	1158	14	0	0	0	99.97	1.50	0.00
SRR9219863.asm1	k__Bacteria (UID203)	5449	104	58	0	20	82	2	0	0	100.00	81.27	0.00
SRR9219865.asm1	f__Enterobacteriaceae (UID5124)	134	1173	336	3	1145	25	0	0	0	99.86	1.72	0.00
SRR9219867.asm1	f__Enterobacteriaceae (UID5124)	134	1173	336	3	1166	4	0	0	0	99.86	0.09	0.00
SRR9219868.asm1	f__Enterobacteriaceae (UID5124)	134	1173	336	3	1166	4	0	0	0	99.86	0.09	0.00
SRR9219873.asm1	f__Enterobacteriaceae (UID5124)	134	1173	336	1	1170	2	0	0	0	99.97	0.09	0.00
SRR9219875.asm1	p__Actinobacteria (UID2112)	31	211	124	0	209	2	0	0	0	100.00	1.61	0.00
SRR9219885.asm1	f__Enterobacteriaceae (UID5124)	134	1173	336	3	1166	4	0	0	0	99.86	0.09	0.00
SRR9219888.asm1	f__Enterobacteriaceae (UID5124)	134	1173	336	3	1166	4	0	0	0	99.86	0.09	0.00
SRR9219891.asm1	f__Enterobacteriaceae (UID5124)	134	1173	336	1	1170	2	0	0	0	99.97	0.33	0.00
SRR9219895.asm1	o__Lactobacillales (UID544)	293	475	267	1	472	2	0	0	0	99.63	0.75	0.00
SRR9219897.asm1	o__Lactobacillales (UID544)	293	475	267	1	451	23	0	0	0	99.63	3.75	0.00
SRR9219898.asm1	f__Enterobacteriaceae (UID5124)	134	1173	336	1	1171	1	0	0	0	99.97	0.04	0.00
SRR9219900.asm1	f__Enterobacteriaceae (UID5124)	134	1173	336	1	1171	1	0	0	0	99.97	0.04	0.00
SRR9219907.asm1	f__Enterobacteriaceae (UID5124)	134	1173	336	1	1152	20	0	0	0	99.97	1.13	65.00
SRR9219909.asm1	f__Bifidobacteriaceae (UID1458)	77	464	220	0	463	1	0	0	0	100.00	0.23	0.00
SRR9219910.asm1	f__Enterobacteriaceae (UID5124)	134	1173	336	1	1171	1	0	0	0	99.97	0.04	0.00
SRR9219911.asm1	o__Lactobacillales (UID544)	293	475	267	1	473	1	0	0	0	99.63	0.07	0.00
SRR9219915.asm1	f__Bifidobacteriaceae (UID1458)	77	464	220	0	463	1	0	0	0	100.00	0.23	0.00
SRR9219922.asm1	o__Clostridiales (UID1226)	155	278	158	1	277	0	0	0	0	99.37	0.00	0.00
SRR9219923.asm1	o__Clostridiales (UID1226)	155	278	158	1	277	0	0	0	0	99.37	0.00	0.00
SRR9219925.asm1	o__Clostridiales (UID1226)	155	278	158	1	276	1	0	0	0	99.37	0.63	0.00
SRR9219929.asm1	o__Clostridiales (UID1226)	155	278	158	1	277	0	0	0	0	99.37	0.00	0.00
SRR9219933.asm1	f__Bifidobacteriaceae (UID1458)	77	464	220	0	463	1	0	0	0	100.00	0.23	0.00
SRR9219934.asm1	f__Enterobacteriaceae (UID5124)	134	1173	336	1	1170	2	0	0	0	99.97	0.09	0.00
SRR9219936.asm1	f__Enterobacteriaceae (UID5124)	134	1173	336	1	1154	17	1	0	0	99.97	0.94	5.00
SRR9219937.asm1	f__Enterobacteriaceae (UID5124)	134	1173	336	1	1170	2	0	0	0	99.97	0.10	50.00
SRR9219941.asm1	f__Enterobacteriaceae (UID5124)	134	1173	336	1	1170	2	0	0	0	99.97	0.10	50.00
SRR9219946.asm1	f__Enterobacteriaceae (UID5124)	134	1173	336	1	1170	2	0	0	0	99.97	0.09	0.00
SRR9219953.asm1	f__Enterobacteriaceae (UID5124)	134	1173	336	1	1170	2	0	0	0	99.97	0.33	0.00
SRR9219957.asm1	o__Lactobacillales (UID544)	293	475	267	1	473	1	0	0	0	99.63	0.19	0.00
SRR9219958.asm1	o__Lactobacillales (UID544)	293	475	267	1	472	2	0	0	0	99.63	0.75	0.00
SRR9219960.asm1	o__Lactobacillales (UID544)	293	475	267	1	472	2	0	0	0	99.63	0.75	0.00
SRR9219961.asm1	o__Lactobacillales (UID544)	293	475	267	1	472	2	0	0	0	99.63	0.75	0.00
SRR9219963.asm1	o__Lactobacillales (UID544)	293	475	267	1	472	2	0	0	0	99.63	0.75	0.00
SRR9219969.asm1	f__Enterobacteriaceae (UID5162)	88	1207	328	2	1200	4	1	0	0	99.93	0.65	28.57
SRR9219977.asm1	f__Bifidobacteriaceae (UID1458)	77	464	220	0	463	1	0	0	0	100.00	0.23	0.00
SRR9219980.asm1	o__Clostridiales (UID1375)	50	332	124	1	327	4	0	0	0	99.19	2.51	0.00
SRR9219983.asm1	o__Clostridiales (UID1375)	50	332	124	1	327	4	0	0	0	99.19	2.51	0.00
SRR9219985.asm1	f__Enterobacteriaceae (UID5124)	134	1173	336	1	1171	1	0	0	0	99.97	0.04	0.00
SRR9219986.asm1	f__Enterobacteriaceae (UID5124)	134	1173	336	1	1171	1	0	0	0	99.97	0.04	0.00
SRR9219989.asm1	f__Enterobacteriaceae (UID5124)	134	1173	336	1	1171	1	0	0	0	99.97	0.04	0.00
SRR9219993.asm1	f__Enterobacteriaceae (UID5124)	134	1173	336	1	998	171	3	0	0	99.97	15.41	45.56
SRR9220002.asm1	f__Bifidobacteriaceae (UID1458)	77	464	220	0	463	1	0	0	0	100.00	0.23	0.00
SRR9220004.asm1	f__Bifidobacteriaceae (UID1458)	77	464	220	0	463	1	0	0	0	100.00	0.23	0.00
SRR9220006.asm1	f__Bifidobacteriaceae (UID1458)	77	464	220	0	463	1	0	0	0	100.00	0.23	0.00
SRR9220007.asm1	f__Bifidobacteriaceae (UID1458)	77	464	220	0	463	1	0	0	0	100.00	0.23	0.00
SRR9220011.asm1	f__Enterobacteriaceae (UID5124)	134	1173	336	3	1166	4	0	0	0	99.86	0.09	0.00
SRR9220012.asm1	f__Enterobacteriaceae (UID5124)	134	1173	336	1	1170	2	0	0	0	99.97	0.09	0.00
SRR9220014.asm1	k__Bacteria (UID203)	5449	104	58	0	75	29	0	0	0	100.00	26.21	0.00
SRR9220016.asm1	f__Enterobacteriaceae (UID5124)	134	1173	336	1	1170	2	0	0	0	99.97	0.09	0.00
SRR9220019.asm1	f__Enterobacteriaceae (UID5124)	134	1173	336	1	1170	2	0	0	0	99.97	0.09	0.00
SRR9220022.asm1	root (UID1)	5656	56	24	0	1	55	0	0	0	100.00	95.83	0.00
SRR9220024.asm1	o__Lactobacillales (UID544)	293	475	267	1	473	1	0	0	0	99.63	0.19	0.00
SRR9220025.asm1	o__Lactobacillales (UID544)	293	475	267	1	473	1	0	0	0	99.63	0.19	0.00
SRR9220028.asm1	o__Lactobacillales (UID544)	293	475	267	1	473	1	0	0	0	99.63	0.19	0.00
SRR9220031.asm1	f__Bifidobacteriaceae (UID1462)	65	476	217	0	475	1	0	0	0	100.00	0.46	0.00
SRR9220035.asm1	f__Bifidobacteriaceae (UID1458)	77	464	220	0	463	1	0	0	0	100.00	0.23	0.00
SRR9220042.asm1	f__Enterobacteriaceae (UID5124)	134	1173	336	3	1165	5	0	0	0	99.86	0.17	20.00
SRR9220043.asm1	f__Bifidobacteriaceae (UID1458)	77	464	220	0	463	1	0	0	0	100.00	0.23	0.00
SRR9220044.asm1	o__Lactobacillales (UID544)	293	475	267	1	472	2	0	0	0	99.63	0.75	0.00
SRR9220047.asm1	o__Lactobacillales (UID544)	293	475	267	1	472	2	0	0	0	99.63	0.75	0.00
SRR9220050.asm1	f__Enterobacteriaceae (UID5124)	134	1173	336	3	1166	4	0	0	0	99.86	0.09	0.00
SRR9220051.asm1	f__Enterobacteriaceae (UID5124)	134	1173	336	3	1166	4	0	0	0	99.86	0.09	0.00
SRR9220057.asm1	f__Enterobacteriaceae (UID5124)	134	1173	336	2	913	255	3	0	0	99.94	24.68	49.24
SRR9220065.asm1	f__Enterobacteriaceae (UID5124)	134	1173	336	1	1164	6	0	2	0	99.97	0.39	38.89
SRR9220072.asm1	f__Bifidobacteriaceae (UID1458)	77	464	220	0	463	1	0	0	0	100.00	0.23	0.00
SRR9220076.asm1	f__Enterobacteriaceae (UID5124)	134	1173	336	1	1171	1	0	0	0	99.97	0.04	0.00
SRR9220080.asm1	f__Bifidobacteriaceae (UID1458)	77	464	220	0	463	1	0	0	0	100.00	0.23	0.00
SRR9220085.asm1	f__Bifidobacteriaceae (UID1458)	77	464	220	0	463	1	0	0	0	100.00	0.23	0.00
SRR9220087.asm1	p__Actinobacteria (UID2112)	31	211	124	0	210	1	0	0	0	100.00	0.81	0.00
SRR9220096.asm1	p__Actinobacteria (UID2112)	31	211	124	0	210	1	0	0	0	100.00	0.81	0.00
SRR9220099.asm1	f__Enterobacteriaceae (UID5124)	134	1173	336	1	1171	1	0	0	0	99.97	0.04	0.00
SRR9220104.asm1	f__Enterobacteriaceae (UID5124)	134	1173	336	1	1166	4	0	2	0	99.97	0.31	37.50
SRR9220105.asm1	f__Enterobacteriaceae (UID5124)	134	1173	336	1	1152	18	2	0	0	99.97	2.44	58.33
SRR9220106.asm1	f__Enterobacteriaceae (UID5124)	134	1173	336	1	1160	10	0	2	0	99.97	1.23	45.45
SRR9220107.asm1	f__Enterobacteriaceae (UID5124)	134	1173	336	3	1166	4	0	0	0	99.86	0.09	0.00
SRR9220113.asm1	f__Enterobacteriaceae (UID5124)	134	1173	336	3	1166	4	0	0	0	99.86	0.09	0.00
SRR9220114.asm1	f__Enterobacteriaceae (UID5124)	134	1173	336	3	1166	4	0	0	0	99.86	0.09	0.00
SRR9220115.asm1	f__Enterobacteriaceae (UID5124)	134	1173	336	3	1166	4	0	0	0	99.86	0.09	0.00
SRR9220123.asm1	f__Enterobacteriaceae (UID5124)	134	1173	336	1	1170	2	0	0	0	99.97	0.10	50.00
SRR9220127.asm1	root (UID1)	5656	56	24	0	0	56	0	0	0	100.00	100.00	0.00
SRR9220133.asm1	f__Enterobacteriaceae (UID5162)	88	1207	328	2	1200	4	1	0	0	99.93	0.65	42.86
SRR9220134.asm1	f__Enterobacteriaceae (UID5124)	134	1173	336	3	1166	4	0	0	0	99.86	0.09	0.00
SRR9220135.asm1	f__Enterobacteriaceae (UID5124)	134	1173	336	3	1166	4	0	0	0	99.86	0.09	0.00
SRR9220139.asm1	f__Enterobacteriaceae (UID5124)	134	1173	336	3	1166	4	0	0	0	99.86	0.09	0.00
SRR9220141.asm1	o__Lactobacillales (UID544)	293	475	267	1	472	2	0	0	0	99.63	0.75	0.00
SRR9220153.asm1	f__Enterobacteriaceae (UID5124)	134	1173	336	3	1166	4	0	0	0	99.86	0.09	0.00
SRR9220156.asm1	f__Enterobacteriaceae (UID5124)	134	1173	336	3	1166	4	0	0	0	99.86	0.09	0.00
SRR9220158.asm1	f__Enterobacteriaceae (UID5124)	134	1173	336	1	1170	2	0	0	0	99.97	0.09	0.00
SRR9220159.asm1	f__Enterobacteriaceae (UID5124)	134	1173	336	1	1170	2	0	0	0	99.97	0.10	50.00
SRR9220161.asm1	f__Enterobacteriaceae (UID5124)	134	1173	336	3	1166	4	0	0	0	99.86	0.09	0.00
SRR9220163.asm1	o__Lactobacillales (UID544)	293	475	267	1	473	1	0	0	0	99.63	0.19	0.00
SRR9220164.asm1	f__Enterobacteriaceae (UID5124)	134	1173	336	3	1166	4	0	0	0	99.86	0.09	0.00
SRR9220169.asm1	o__Lactobacillales (UID544)	293	475	267	1	473	1	0	0	0	99.63	0.19	0.00
SRR9220176.asm1	o__Clostridiales (UID1226)	155	278	158	1	277	0	0	0	0	99.37	0.00	0.00
SRR9220178.asm1	o__Lactobacillales (UID544)	293	475	267	1	473	1	0	0	0	99.63	0.19	0.00
SRR9220185.asm1	o__Lactobacillales (UID544)	293	475	267	1	472	2	0	0	0	99.63	0.75	0.00
SRR9220187.asm1	o__Lactobacillales (UID544)	293	475	267	1	472	2	0	0	0	99.63	0.75	0.00
SRR9220190.asm1	o__Lactobacillales (UID544)	293	475	267	1	472	2	0	0	0	99.63	0.75	0.00
SRR9220193.asm1	o__Lactobacillales (UID544)	293	475	267	1	472	2	0	0	0	99.63	0.75	0.00
SRR9220197.asm1	f__Bifidobacteriaceae (UID1458)	77	464	220	0	463	1	0	0	0	100.00	0.23	0.00
SRR9220198.asm1	f__Bifidobacteriaceae (UID1458)	77	464	220	0	463	1	0	0	0	100.00	0.23	0.00
SRR9220207.asm1	o__Lactobacillales (UID544)	293	475	267	1	472	2	0	0	0	99.63	0.75	0.00
SRR9220208.asm1	p__Actinobacteria (UID2112)	31	211	124	0	210	1	0	0	0	100.00	0.81	0.00
SRR9220210.asm1	o__Lactobacillales (UID544)	293	475	267	1	472	2	0	0	0	99.63	0.75	0.00
SRR9220211.asm1	o__Lactobacillales (UID544)	293	475	267	1	472	2	0	0	0	99.63	0.75	0.00
SRR9220216.asm1	f__Enterobacteriaceae (UID5124)	134	1173	336	3	1166	4	0	0	0	99.86	0.09	0.00
SRR9220221.asm1	f__Enterobacteriaceae (UID5124)	134	1173	336	3	1166	4	0	0	0	99.86	0.09	0.00
SRR9220222.asm1	f__Enterobacteriaceae (UID5124)	134	1173	336	3	1166	4	0	0	0	99.86	0.09	0.00
SRR9220223.asm1	f__Enterobacteriaceae (UID5124)	134	1173	336	3	1166	4	0	0	0	99.86	0.09	0.00
SRR9220227.asm1	f__Enterobacteriaceae (UID5124)	134	1173	336	1	1101	66	3	2	0	99.97	8.07	81.61
SRR9220228.asm1	f__Enterobacteriaceae (UID5124)	134	1173	336	1	1168	2	0	2	0	99.97	0.28	42.86
SRR9220233.asm1	f__Bifidobacteriaceae (UID1458)	77	464	220	0	463	1	0	0	0	100.00	0.23	0.00
SRR9220238.asm1	f__Bifidobacteriaceae (UID1458)	77	464	220	0	463	1	0	0	0	100.00	0.23	0.00
SRR9220240.asm1	f__Enterobacteriaceae (UID5124)	134	1173	336	1	1085	87	0	0	0	99.97	7.28	6.90
SRR9220241.asm1	f__Bifidobacteriaceae (UID1458)	77	464	220	0	463	1	0	0	0	100.00	0.23	0.00
SRR9220244.asm1	f__Enterobacteriaceae (UID5124)	134	1173	336	3	1166	4	0	0	0	99.86	0.09	0.00
SRR9220250.asm1	f__Bifidobacteriaceae (UID1462)	65	476	217	0	476	0	0	0	0	100.00	0.00	0.00
SRR9220252.asm1	f__Bifidobacteriaceae (UID1462)	65	476	217	0	476	0	0	0	0	100.00	0.00	0.00
SRR9220259.asm1	f__Enterobacteriaceae (UID5124)	134	1173	336	3	1169	1	0	0	0	99.86	0.04	0.00
SRR9220267.asm1	f__Enterobacteriaceae (UID5124)	134	1173	336	3	1166	4	0	0	0	99.86	0.09	0.00
SRR9220271.asm1	o__Lactobacillales (UID544)	293	475	267	1	473	1	0	0	0	99.63	0.19	0.00
SRR9220275.asm1	o__Lactobacillales (UID544)	293	475	267	1	464	10	0	0	0	99.63	2.00	90.00
SRR9220281.asm1	f__Lachnospiraceae (UID1256)	33	333	171	1	332	0	0	0	0	99.42	0.00	0.00
SRR9220282.asm1	f__Lachnospiraceae (UID1256)	33	333	171	1	332	0	0	0	0	99.42	0.00	0.00
SRR9220299.asm1	f__Bifidobacteriaceae (UID1462)	65	476	217	0	476	0	0	0	0	100.00	0.00	0.00
SRR9220300.asm1	f__Bifidobacteriaceae (UID1462)	65	476	217	9	467	0	0	0	0	98.16	0.00	0.00
SRR9220302.asm1	f__Bifidobacteriaceae (UID1462)	65	476	217	0	476	0	0	0	0	100.00	0.00	0.00
SRR9220303.asm1	f__Bifidobacteriaceae (UID1462)	65	476	217	0	476	0	0	0	0	100.00	0.00	0.00
SRR9220304.asm1	f__Bifidobacteriaceae (UID1462)	65	476	217	0	476	0	0	0	0	100.00	0.00	0.00
SRR9220310.asm1	o__Clostridiales (UID1212)	172	263	149	9	254	0	0	0	0	95.30	0.00	0.00
SRR9220317.asm1	f__Bifidobacteriaceae (UID1458)	77	464	220	0	463	1	0	0	0	100.00	0.23	0.00
SRR9220324.asm1	f__Bifidobacteriaceae (UID1458)	77	464	220	0	463	1	0	0	0	100.00	0.23	0.00
SRR9220328.asm1	o__Lactobacillales (UID544)	293	475	267	1	473	1	0	0	0	99.63	0.19	0.00
SRR9220335.asm1	f__Enterobacteriaceae (UID5124)	134	1173	336	1	1170	2	0	0	0	99.97	0.19	0.00
SRR9220337.asm1	f__Enterobacteriaceae (UID5124)	134	1173	336	1	1158	13	1	0	0	99.97	1.86	43.75
SRR9220338.asm1	f__Enterobacteriaceae (UID5124)	134	1173	336	3	1166	4	0	0	0	99.86	0.09	0.00
SRR9220342.asm1	f__Enterobacteriaceae (UID5124)	134	1173	336	1	1171	1	0	0	0	99.97	0.04	0.00
SRR9220350.asm1	f__Enterobacteriaceae (UID5124)	134	1173	336	1	1171	1	0	0	0	99.97	0.04	0.00
SRR9220351.asm1	o__Lactobacillales (UID544)	293	475	267	1	472	2	0	0	0	99.63	0.75	0.00
SRR9220353.asm1	f__Enterobacteriaceae (UID5124)	134	1173	336	1	1170	2	0	0	0	99.97	0.33	0.00
SRR9220356.asm1	f__Enterobacteriaceae (UID5124)	134	1173	336	1	1170	2	0	0	0	99.97	0.33	0.00
SRR9220358.asm1	f__Enterobacteriaceae (UID5124)	134	1173	336	1	1170	2	0	0	0	99.97	0.33	0.00
SRR9220361.asm1	o__Lactobacillales (UID544)	293	475	267	1	472	2	0	0	0	99.63	0.75	0.00
SRR9220362.asm1	f__Bifidobacteriaceae (UID1458)	77	464	220	0	463	1	0	0	0	100.00	0.23	0.00
SRR9220364.asm1	f__Bifidobacteriaceae (UID1458)	77	464	220	0	463	1	0	0	0	100.00	0.23	0.00
SRR9220367.asm1	f__Bifidobacteriaceae (UID1458)	77	464	220	0	463	1	0	0	0	100.00	0.23	0.00
SRR9220374.asm1	f__Enterobacteriaceae (UID5124)	134	1173	336	1	1170	2	0	0	0	99.97	0.33	0.00
SRR9220375.asm1	k__Bacteria (UID203)	5449	104	58	0	6	95	3	0	0	100.00	94.12	0.00
SRR9220376.asm1	f__Bifidobacteriaceae (UID1458)	77	464	220	0	463	1	0	0	0	100.00	0.23	0.00
SRR9220378.asm1	f__Bifidobacteriaceae (UID1458)	77	464	220	0	463	1	0	0	0	100.00	0.23	0.00
SRR9220382.asm1	f__Bifidobacteriaceae (UID1458)	77	464	220	0	463	1	0	0	0	100.00	0.23	0.00
SRR9220383.asm1	f__Bifidobacteriaceae (UID1458)	77	464	220	0	463	1	0	0	0	100.00	0.23	0.00
SRR9220386.asm1	o__Lactobacillales (UID544)	293	475	267	1	473	1	0	0	0	99.63	0.19	0.00
SRR9220387.asm1	f__Enterobacteriaceae (UID5162)	88	1207	328	2	1200	4	0	1	0	99.93	0.75	50.00
SRR9220388.asm1	k__Bacteria (UID203)	5449	104	58	0	58	45	1	0	0	100.00	33.61	0.00
SRR9220391.asm1	f__Enterobacteriaceae (UID5162)	88	1207	328	2	1200	4	1	0	0	99.93	0.65	42.86
SRR9220393.asm1	f__Enterobacteriaceae (UID5124)	134	1173	336	3	1166	4	0	0	0	99.86	0.09	0.00
SRR9220394.asm1	o__Lactobacillales (UID544)	293	475	267	1	451	23	0	0	0	99.63	5.39	0.00
SRR9220395.asm1	o__Lactobacillales (UID544)	293	475	267	1	472	2	0	0	0	99.63	0.75	0.00
SRR9220396.asm1	o__Lactobacillales (UID544)	293	475	267	1	472	2	0	0	0	99.63	0.75	0.00
SRR9220398.asm1	o__Lactobacillales (UID544)	293	475	267	1	373	98	3	0	0	99.63	20.31	0.00
SRR9220399.asm1	f__Enterobacteriaceae (UID5124)	134	1173	336	1	1170	2	0	0	0	99.97	0.10	50.00
SRR9220400.asm1	f__Enterobacteriaceae (UID5124)	134	1173	336	1	1170	2	0	0	0	99.97	0.09	0.00
SRR9220403.asm1	f__Enterobacteriaceae (UID5124)	134	1173	336	3	1167	3	0	0	0	99.86	0.33	0.00
SRR9220405.asm1	f__Enterobacteriaceae (UID5124)	134	1173	336	1	1170	2	0	0	0	99.97	0.09	0.00
SRR9220406.asm1	f__Enterobacteriaceae (UID5124)	134	1173	336	1	1170	2	0	0	0	99.97	0.09	0.00
SRR9220408.asm1	f__Bifidobacteriaceae (UID1462)	65	476	217	0	476	0	0	0	0	100.00	0.00	0.00
SRR9220414.asm1	f__Bifidobacteriaceae (UID1462)	65	476	217	0	476	0	0	0	0	100.00	0.00	0.00
SRR9220417.asm1	p__Actinobacteria (UID2112)	31	211	124	0	210	1	0	0	0	100.00	0.81	0.00
SRR9220419.asm1	p__Actinobacteria (UID2112)	31	211	124	0	210	1	0	0	0	100.00	0.81	0.00
SRR9220420.asm1	p__Actinobacteria (UID2112)	31	211	124	0	210	1	0	0	0	100.00	0.81	0.00
SRR9220424.asm1	o__Clostridiales (UID1226)	155	278	158	1	277	0	0	0	0	99.37	0.00	0.00
SRR9220428.asm1	f__Enterobacteriaceae (UID5162)	88	1207	328	2	1200	4	1	0	0	99.93	0.65	28.57
SRR9220429.asm1	k__Bacteria (UID203)	5449	104	58	0	34	67	3	0	0	100.00	63.68	0.00
SRR9220433.asm1	f__Enterobacteriaceae (UID5124)	134	1173	336	1	1170	2	0	0	0	99.97	0.09	0.00
SRR9220434.asm1	f__Bifidobacteriaceae (UID1458)	77	464	220	0	463	1	0	0	0	100.00	0.23	0.00
SRR9220435.asm1	f__Bifidobacteriaceae (UID1458)	77	464	220	0	463	1	0	0	0	100.00	0.23	0.00
SRR9220442.asm1	f__Bifidobacteriaceae (UID1458)	77	464	220	0	463	1	0	0	0	100.00	0.23	0.00
SRR9220443.asm1	f__Bifidobacteriaceae (UID1458)	77	464	220	0	463	1	0	0	0	100.00	0.23	0.00
SRR9220446.asm1	f__Enterobacteriaceae (UID5124)	134	1173	336	1	1170	2	0	0	0	99.97	0.09	0.00
SRR9220450.asm1	f__Enterobacteriaceae (UID5124)	134	1173	336	1	1170	2	0	0	0	99.97	0.09	0.00
SRR9220455.asm1	f__Enterobacteriaceae (UID5124)	134	1173	336	1	1170	2	0	0	0	99.97	0.09	0.00
SRR9220458.asm1	o__Clostridiales (UID1226)	155	278	158	1	275	2	0	0	0	99.37	0.23	0.00
SRR9220459.asm1	o__Clostridiales (UID1226)	155	278	158	1	275	2	0	0	0	99.37	0.23	0.00
SRR9220460.asm1	o__Clostridiales (UID1226)	155	278	158	1	275	2	0	0	0	99.37	0.23	0.00
SRR9220462.asm1	o__Clostridiales (UID1226)	155	278	158	1	275	2	0	0	0	99.37	0.23	0.00
SRR9220463.asm1	f__Enterobacteriaceae (UID5124)	134	1173	336	1	1170	2	0	0	0	99.97	0.09	0.00
SRR9220469.asm1	f__Bifidobacteriaceae (UID1458)	77	464	220	0	463	1	0	0	0	100.00	0.23	0.00
SRR9220470.asm1	f__Bifidobacteriaceae (UID1458)	77	464	220	0	463	1	0	0	0	100.00	0.23	0.00
SRR9220471.asm1	f__Bifidobacteriaceae (UID1458)	77	464	220	0	463	1	0	0	0	100.00	0.23	0.00
SRR9220472.asm1	f__Bifidobacteriaceae (UID1458)	77	464	220	0	463	1	0	0	0	100.00	0.23	0.00
SRR9220474.asm1	f__Bifidobacteriaceae (UID1458)	77	464	220	0	463	1	0	0	0	100.00	0.23	0.00
SRR9220478.asm1	o__Lactobacillales (UID544)	293	475	267	1	473	1	0	0	0	99.63	0.19	0.00
SRR9220484.asm1	f__Enterobacteriaceae (UID5162)	88	1207	328	2	1200	4	1	0	0	99.93	0.65	42.86
SRR9220487.asm1	f__Enterobacteriaceae (UID5162)	88	1207	328	2	1200	4	1	0	0	99.93	0.65	28.57
SRR9220488.asm1	root (UID1)	5656	56	24	0	1	54	1	0	0	100.00	96.88	1.75
SRR9220490.asm1	f__Enterobacteriaceae (UID5162)	88	1207	328	2	1200	4	1	0	0	99.93	0.65	42.86
SRR9220502.asm1	f__Enterobacteriaceae (UID5124)	134	1173	336	1	1170	2	0	0	0	99.97	0.09	0.00
SRR9220508.asm1	f__Enterobacteriaceae (UID5124)	134	1173	336	1	1170	2	0	0	0	99.97	0.09	0.00
SRR9220513.asm1	o__Lactobacillales (UID544)	293	475	267	1	472	2	0	0	0	99.63	0.75	0.00
SRR9220518.asm1	f__Bifidobacteriaceae (UID1458)	77	464	220	0	463	1	0	0	0	100.00	0.23	0.00
SRR9220520.asm1	f__Bifidobacteriaceae (UID1458)	77	464	220	0	463	1	0	0	0	100.00	0.23	0.00
SRR9220522.asm1	f__Bifidobacteriaceae (UID1458)	77	464	220	0	463	1	0	0	0	100.00	0.23	0.00
SRR9220524.asm1	o__Lactobacillales (UID544)	293	475	267	1	473	1	0	0	0	99.63	0.19	0.00
SRR9220527.asm1	o__Lactobacillales (UID544)	293	475	267	1	473	1	0	0	0	99.63	0.19	0.00
SRR9220528.asm1	o__Lactobacillales (UID544)	293	475	267	1	473	1	0	0	0	99.63	0.19	0.00
SRR9220534.asm1	f__Enterobacteriaceae (UID5124)	134	1173	336	1	1170	2	0	0	0	99.97	0.09	0.00
SRR9220536.asm1	f__Enterobacteriaceae (UID5124)	134	1173	336	1	1170	2	0	0	0	99.97	0.09	0.00
SRR9220540.asm1	root (UID1)	5656	56	24	0	0	54	2	0	0	100.00	104.55	1.67
SRR9220541.asm1	f__Enterobacteriaceae (UID5124)	134	1173	336	3	1166	4	0	0	0	99.86	0.09	0.00
SRR9220542.asm1	f__Enterobacteriaceae (UID5124)	134	1173	336	3	1166	4	0	0	0	99.86	0.09	0.00
SRR9220546.asm1	o__Lactobacillales (UID544)	293	475	267	1	472	2	0	0	0	99.63	0.75	0.00
SRR9220547.asm1	o__Lactobacillales (UID544)	293	475	267	1	456	17	0	1	0	99.63	3.73	0.00
SRR9220552.asm1	f__Bifidobacteriaceae (UID1458)	77	464	220	0	463	1	0	0	0	100.00	0.23	0.00
SRR9220554.asm1	f__Bifidobacteriaceae (UID1458)	77	464	220	0	463	1	0	0	0	100.00	0.23	0.00
SRR9220556.asm1	f__Enterobacteriaceae (UID5162)	88	1207	328	2	1200	4	1	0	0	99.93	0.65	42.86
SRR9220557.asm1	f__Bifidobacteriaceae (UID1458)	77	464	220	0	463	1	0	0	0	100.00	0.23	0.00
SRR9220558.asm1	f__Enterobacteriaceae (UID5124)	134	1173	336	1	1170	2	0	0	0	99.97	0.09	0.00
SRR9220559.asm1	f__Enterobacteriaceae (UID5124)	134	1173	336	1	1171	1	0	0	0	99.97	0.04	0.00
SRR9220565.asm1	f__Enterobacteriaceae (UID5124)	134	1173	336	1	1171	1	0	0	0	99.97	0.04	0.00
SRR9220567.asm1	f__Enterobacteriaceae (UID5124)	134	1173	336	1	1170	2	0	0	0	99.97	0.06	50.00
SRR9220570.asm1	f__Bifidobacteriaceae (UID1458)	77	464	220	0	463	1	0	0	0	100.00	0.23	0.00
SRR9220573.asm1	f__Enterobacteriaceae (UID5124)	134	1173	336	1	1167	5	0	0	0	99.97	0.22	0.00
SRR9220579.asm1	k__Bacteria (UID203)	5449	104	58	0	78	26	0	0	0	100.00	16.51	0.00
SRR9220580.asm1	f__Enterobacteriaceae (UID5124)	134	1173	336	1	1164	6	0	2	0	99.97	0.67	38.89
SRR9220585.asm1	root (UID1)	5656	56	24	0	0	0	1	55	0	100.00	299.54	21.92
SRR9220588.asm1	f__Enterobacteriaceae (UID5124)	134	1173	336	3	1169	1	0	0	0	99.86	0.04	0.00
SRR9220590.asm1	f__Lachnospiraceae (UID1256)	33	333	171	1	332	0	0	0	0	99.42	0.00	0.00
SRR9220595.asm1	f__Enterobacteriaceae (UID5124)	134	1173	336	2	1170	1	0	0	0	99.67	0.04	0.00
SRR9220596.asm1	f__Enterobacteriaceae (UID5162)	88	1207	328	2	1200	5	0	0	0	99.93	0.26	0.00
SRR9220598.asm1	f__Enterobacteriaceae (UID5162)	88	1207	328	2	1080	125	0	0	0	99.93	13.34	96.80
SRR9220600.asm1	f__Enterobacteriaceae (UID5162)	88	1207	328	2	1201	4	0	0	0	99.93	0.23	0.00
SRR9220605.asm1	f__Enterobacteriaceae (UID5124)	134	1173	336	1	1168	4	0	0	0	99.97	0.33	25.00
SRR9220606.asm1	f__Enterobacteriaceae (UID5124)	134	1173	336	1	1164	8	0	0	0	99.97	0.47	12.50
SRR9220611.asm1	f__Enterobacteriaceae (UID5124)	134	1173	336	1	1170	2	0	0	0	99.97	0.09	0.00
SRR9220613.asm1	f__Enterobacteriaceae (UID5124)	134	1173	336	1	1167	5	0	0	0	99.97	0.22	0.00
SRR9220617.asm1	f__Enterobacteriaceae (UID5124)	134	1173	336	1	1170	2	0	0	0	99.97	0.09	0.00
SRR9220620.asm1	f__Enterobacteriaceae (UID5124)	134	1173	336	1	1169	2	1	0	0	99.97	0.73	0.00
SRR9220622.asm1	f__Enterobacteriaceae (UID5124)	134	1173	336	1	1171	1	0	0	0	99.97	0.04	0.00
SRR9220644.asm1	o__Lactobacillales (UID544)	293	475	267	1	472	2	0	0	0	99.63	0.75	0.00
SRR9220645.asm1	o__Lactobacillales (UID544)	293	475	267	1	472	2	0	0	0	99.63	0.75	0.00
SRR9220647.asm1	o__Lactobacillales (UID544)	293	475	267	1	472	2	0	0	0	99.63	0.75	0.00
SRR9220650.asm1	f__Enterobacteriaceae (UID5124)	134	1173	336	1	1170	2	0	0	0	99.97	0.33	0.00
SRR9220652.asm1	o__Lactobacillales (UID544)	293	475	267	1	472	2	0	0	0	99.63	0.75	0.00
SRR9220655.asm1	o__Lactobacillales (UID544)	293	475	267	1	473	1	0	0	0	99.63	0.19	0.00
SRR9220656.asm1	f__Enterobacteriaceae (UID5124)	134	1173	336	1	1170	2	0	0	0	99.97	0.09	0.00
SRR9220657.asm1	f__Enterobacteriaceae (UID5124)	134	1173	336	1	1170	2	0	0	0	99.97	0.09	0.00
SRR9220658.asm1	f__Enterobacteriaceae (UID5124)	134	1173	336	1	1170	2	0	0	0	99.97	0.09	0.00
SRR9220659.asm1	f__Enterobacteriaceae (UID5124)	134	1173	336	1	1170	2	0	0	0	99.97	0.09	0.00
SRR9220660.asm1	f__Enterobacteriaceae (UID5124)	134	1173	336	1	1159	12	0	0	1	99.97	1.18	0.00
SRR9220662.asm1	f__Enterobacteriaceae (UID5124)	134	1173	336	1	1170	2	0	0	0	99.97	0.09	0.00
SRR9220670.asm1	p__Actinobacteria (UID2112)	31	211	124	0	210	1	0	0	0	100.00	0.81	0.00
SRR9220673.asm1	o__Clostridiales (UID1226)	155	278	158	1	275	2	0	0	0	99.37	0.23	0.00
SRR9220674.asm1	p__Actinobacteria (UID2112)	31	211	124	0	210	1	0	0	0	100.00	0.81	0.00
SRR9220675.asm1	p__Actinobacteria (UID2112)	31	211	124	0	210	1	0	0	0	100.00	0.81	0.00
SRR9220676.asm1	o__Clostridiales (UID1226)	155	278	158	1	277	0	0	0	0	99.37	0.00	0.00
SRR9220682.asm1	o__Clostridiales (UID1226)	155	278	158	1	276	1	0	0	0	99.37	0.32	0.00
SRR9220687.asm1	f__Bifidobacteriaceae (UID1458)	77	464	220	0	463	1	0	0	0	100.00	0.23	0.00
SRR9220692.asm1	f__Bifidobacteriaceae (UID1458)	77	464	220	0	463	1	0	0	0	100.00	0.23	0.00
SRR9220693.asm1	f__Bifidobacteriaceae (UID1458)	77	464	220	0	463	1	0	0	0	100.00	0.23	0.00
SRR9220697.asm1	o__Lactobacillales (UID544)	293	475	267	1	473	1	0	0	0	99.63	0.12	0.00
SRR9220699.asm1	o__Lactobacillales (UID544)	293	475	267	1	473	1	0	0	0	99.63	0.12	0.00
SRR9220700.asm1	o__Lactobacillales (UID544)	293	475	267	1	473	1	0	0	0	99.63	0.12	0.00
SRR9220704.asm1	f__Enterobacteriaceae (UID5124)	134	1173	336	3	1166	4	0	0	0	99.86	0.09	0.00
SRR9220717.asm1	f__Enterobacteriaceae (UID5124)	134	1173	336	1	1170	2	0	0	0	99.97	0.09	0.00
SRR9220721.asm1	f__Enterobacteriaceae (UID5124)	134	1173	336	1	1170	2	0	0	0	99.97	0.09	0.00
SRR9220722.asm1	f__Enterobacteriaceae (UID5124)	134	1173	336	1	1170	2	0	0	0	99.97	0.09	0.00
SRR9220730.asm1	f__Bifidobacteriaceae (UID1462)	65	476	217	0	476	0	0	0	0	100.00	0.00	0.00
SRR9220731.asm1	f__Bifidobacteriaceae (UID1462)	65	476	217	1	475	0	0	0	0	99.54	0.00	0.00
SRR9220737.asm1	f__Bifidobacteriaceae (UID1458)	77	464	220	0	463	1	0	0	0	100.00	0.23	0.00
SRR9220738.asm1	f__Bifidobacteriaceae (UID1458)	77	464	220	0	463	1	0	0	0	100.00	0.23	0.00
SRR9220741.asm1	f__Bifidobacteriaceae (UID1458)	77	464	220	0	463	1	0	0	0	100.00	0.23	0.00
SRR9220742.asm1	f__Bifidobacteriaceae (UID1458)	77	464	220	0	463	1	0	0	0	100.00	0.23	0.00
SRR9220747.asm1	f__Bifidobacteriaceae (UID1458)	77	464	220	0	463	1	0	0	0	100.00	0.23	0.00
SRR9220757.asm1	o__Lactobacillales (UID544)	293	475	267	1	473	1	0	0	0	99.63	0.19	0.00
SRR9220767.asm1	o__Lactobacillales (UID544)	293	475	267	1	473	1	0	0	0	99.63	0.19	0.00
SRR9220769.asm1	o__Lactobacillales (UID544)	293	475	267	1	473	1	0	0	0	99.63	0.19	0.00
SRR9220772.asm1	f__Bifidobacteriaceae (UID1458)	77	464	220	0	463	1	0	0	0	100.00	0.23	0.00
SRR9220773.asm1	f__Bifidobacteriaceae (UID1458)	77	464	220	0	463	1	0	0	0	100.00	0.23	0.00
SRR9220777.asm1	f__Bifidobacteriaceae (UID1458)	77	464	220	0	463	1	0	0	0	100.00	0.23	0.00
SRR9220787.asm1	f__Enterobacteriaceae (UID5162)	88	1207	328	2	1200	4	1	0	0	99.93	0.65	42.86
SRR9220790.asm1	f__Enterobacteriaceae (UID5124)	134	1173	336	3	1166	4	0	0	0	99.86	0.09	0.00
SRR9220793.asm1	f__Enterobacteriaceae (UID5124)	134	1173	336	3	1166	4	0	0	0	99.86	0.09	0.00
SRR9220794.asm1	f__Enterobacteriaceae (UID5124)	134	1173	336	3	1166	4	0	0	0	99.86	0.09	0.00
SRR9220797.asm1	f__Bifidobacteriaceae (UID1458)	77	464	220	0	463	1	0	0	0	100.00	0.23	0.00
SRR9220801.asm1	f__Enterobacteriaceae (UID5124)	134	1173	336	3	1166	4	0	0	0	99.86	0.09	0.00
SRR9220802.asm1	f__Bifidobacteriaceae (UID1458)	77	464	220	0	463	1	0	0	0	100.00	0.23	0.00
SRR9220803.asm1	f__Bifidobacteriaceae (UID1458)	77	464	220	0	463	1	0	0	0	100.00	0.23	0.00
SRR9220806.asm1	f__Bifidobacteriaceae (UID1458)	77	464	220	0	463	1	0	0	0	100.00	0.23	0.00
SRR9220809.asm1	f__Bifidobacteriaceae (UID1458)	77	464	220	0	451	13	0	0	0	100.00	2.95	92.31
SRR9221893.asm1	c__Bacilli (UID285)	586	302	166	1	300	1	0	0	0	99.40	0.30	0.00
SRR9221899.asm1	c__Bacilli (UID285)	586	302	166	1	300	1	0	0	0	99.40	0.30	0.00
SRR9221901.asm1	o__Clostridiales (UID1212)	172	261	147	0	261	0	0	0	0	100.00	0.00	0.00
SRR9221904.asm1	c__Bacilli (UID285)	586	302	166	1	300	1	0	0	0	99.40	0.30	0.00
SRR9221909.asm1	c__Bacilli (UID285)	586	302	166	1	300	1	0	0	0	99.40	0.30	0.00
SRR9221912.asm1	o__Selenomonadales (UID1024)	64	334	167	1	329	4	0	0	0	99.98	1.50	0.00
SRR9221913.asm1	o__Selenomonadales (UID1024)	64	334	167	1	329	4	0	0	0	99.98	1.50	0.00
SRR9221915.asm1	o__Selenomonadales (UID1024)	64	334	167	1	329	4	0	0	0	99.98	1.50	0.00
SRR9221926.asm1	o__Selenomonadales (UID1024)	64	334	167	0	319	15	0	0	0	100.00	2.46	0.00
SRR9221928.asm1	o__Bacteroidales (UID2621)	198	427	260	2	421	4	0	0	0	99.42	0.90	0.00
SRR9221937.asm1	o__Clostridiales (UID1212)	172	257	149	1	253	3	0	0	0	99.33	0.81	0.00
SRR9221938.asm1	o__Clostridiales (UID1212)	172	257	149	1	252	4	0	0	0	99.33	1.48	25.00
SRR9221948.asm1	o__Bacteroidales (UID2621)	198	427	260	1	422	4	0	0	0	99.62	1.03	0.00
SRR9221950.asm1	c__Bacilli (UID285)	586	302	166	2	298	2	0	0	0	98.80	0.90	0.00
SRR9221952.asm1	c__Bacilli (UID285)	586	302	166	1	286	15	0	0	0	99.40	5.59	0.00
SRR9221955.asm1	c__Bacilli (UID285)	586	302	166	2	298	2	0	0	0	98.80	0.90	0.00
SRR9221957.asm1	c__Bacilli (UID285)	586	302	166	2	298	2	0	0	0	98.80	0.90	0.00
SRR9221959.asm1	c__Bacilli (UID285)	586	302	166	2	298	2	0	0	0	98.80	0.90	0.00
SRR9221964.asm1	k__Bacteria (UID203)	5449	104	58	0	45	59	0	0	0	100.00	58.68	0.00
SRR9221974.asm1	c__Bacilli (UID285)	586	302	166	1	300	1	0	0	0	99.40	0.30	0.00
SRR9221975.asm1	c__Bacilli (UID285)	586	302	166	2	299	1	0	0	0	98.80	0.30	0.00
SRR9221990.asm1	o__Lactobacillales (UID374)	471	350	191	2	348	0	0	0	0	98.95	0.00	0.00
SRR9221997.asm1	o__Lactobacillales (UID374)	471	350	191	2	348	0	0	0	0	98.95	0.00	0.00
SRR9222001.asm1	o__Bacteroidales (UID2621)	198	427	260	2	420	5	0	0	0	99.42	1.28	0.00
SRR9222002.asm1	o__Bacteroidales (UID2621)	198	427	260	2	420	5	0	0	0	99.42	1.28	0.00
SRR9222021.asm1	o__Bacteroidales (UID2621)	198	427	260	1	426	0	0	0	0	99.62	0.00	0.00
SRR9222033.asm1	root (UID1)	5656	56	24	0	0	18	37	1	0	100.00	175.00	28.15
SRR9222043.asm1	o__Lactobacillales (UID374)	471	350	191	2	348	0	0	0	0	98.95	0.00	0.00
SRR9222046.asm1	g__Streptococcus (UID684)	26	668	229	4	663	1	0	0	0	99.53	0.15	0.00
SRR9222047.asm1	g__Streptococcus (UID684)	26	668	229	4	663	1	0	0	0	99.53	0.15	0.00
SRR9222049.asm1	g__Streptococcus (UID561)	89	679	295	0	679	0	0	0	0	100.00	0.00	0.00
SRR9222050.asm1	g__Streptococcus (UID561)	89	679	295	0	677	2	0	0	0	100.00	0.24	0.00
SRR9222053.asm1	g__Streptococcus (UID561)	89	679	295	0	674	5	0	0	0	100.00	0.81	0.00
SRR9222056.asm1	c__Bacilli (UID285)	586	302	166	1	300	1	0	0	0	99.40	0.30	0.00
SRR9222068.asm1	c__Bacilli (UID285)	586	302	166	1	300	1	0	0	0	99.40	0.30	0.00
SRR9222072.asm1	c__Bacilli (UID285)	586	302	166	1	300	1	0	0	0	99.40	0.30	0.00
SRR9222073.asm1	c__Bacilli (UID285)	586	302	166	1	300	1	0	0	0	99.40	0.30	0.00
SRR9222076.asm1	k__Bacteria (UID2372)	131	176	105	0	173	3	0	0	0	100.00	2.22	0.00
SRR9222082.asm1	o__Selenomonadales (UID1024)	64	334	167	1	329	4	0	0	0	99.98	1.50	0.00
SRR9222086.asm1	p__Proteobacteria (UID3887)	1487	255	158	0	254	1	0	0	0	100.00	0.11	0.00
SRR9222088.asm1	p__Proteobacteria (UID3887)	1487	255	158	0	254	1	0	0	0	100.00	0.11	0.00
SRR9222089.asm1	o__Bacteroidales (UID2621)	198	427	260	2	419	5	1	0	0	99.42	2.18	12.50
SRR9222096.asm1	o__Bacteroidales (UID2621)	198	427	260	4	419	4	0	0	0	98.85	0.78	0.00
SRR9222101.asm1	k__Bacteria (UID2372)	131	177	106	0	177	0	0	0	0	100.00	0.00	0.00
SRR9222102.asm1	k__Bacteria (UID2372)	131	177	106	0	177	0	0	0	0	100.00	0.00	0.00
SRR9222105.asm1	k__Bacteria (UID2372)	131	177	106	0	177	0	0	0	0	100.00	0.00	0.00
SRR9222112.asm1	c__Bacilli (UID285)	586	302	166	2	298	2	0	0	0	98.80	0.90	0.00
SRR9222117.asm1	c__Bacilli (UID285)	586	302	166	2	300	0	0	0	0	98.80	0.00	0.00
SRR9222120.asm1	c__Bacilli (UID285)	586	302	166	2	300	0	0	0	0	98.80	0.00	0.00
SRR9222121.asm1	k__Bacteria (UID203)	5449	104	58	1	8	95	0	0	0	98.28	87.77	0.00
SRR9222124.asm1	c__Bacilli (UID285)	586	302	166	1	300	1	0	0	0	99.40	0.30	0.00
SRR9222129.asm1	g__Streptococcus (UID684)	26	668	229	3	663	2	0	0	0	99.84	0.58	0.00
SRR9222132.asm1	g__Streptococcus (UID684)	26	668	229	2	662	4	0	0	0	99.75	0.68	0.00
SRR9222136.asm1	o__Bacteroidales (UID2621)	198	427	260	2	420	5	0	0	0	99.42	1.28	0.00
SRR9222138.asm1	o__Bacteroidales (UID2621)	198	427	260	2	424	1	0	0	0	99.42	0.13	0.00
SRR9222150.asm1	o__Bacteroidales (UID2621)	198	427	260	2	424	1	0	0	0	99.42	0.13	0.00
SRR9222152.asm1	o__Bacteroidales (UID2621)	198	427	260	2	421	3	1	0	0	99.42	0.96	0.00
SRR9222173.asm1	o__Bacteroidales (UID2621)	198	427	260	2	423	2	0	0	0	99.42	0.38	0.00
SRR9222178.asm1	p__Proteobacteria (UID3887)	1487	255	158	0	254	1	0	0	0	100.00	0.11	0.00
SRR9222180.asm1	p__Proteobacteria (UID3887)	1487	255	158	0	254	1	0	0	0	100.00	0.11	0.00
SRR9222181.asm1	p__Proteobacteria (UID3887)	1487	255	158	0	254	1	0	0	0	100.00	0.11	0.00
SRR9222184.asm1	c__Bacilli (UID285)	586	302	166	2	298	2	0	0	0	98.80	0.90	0.00
SRR9222191.asm1	c__Bacilli (UID285)	586	302	166	2	298	2	0	0	0	98.80	0.90	0.00
SRR9222194.asm1	o__Bacteroidales (UID2621)	198	427	260	3	420	4	0	0	0	99.23	1.17	0.00
SRR9222196.asm1	o__Selenomonadales (UID1024)	64	334	167	1	302	29	2	0	0	99.98	11.68	82.86
SRR9222208.asm1	k__Bacteria (UID203)	5449	104	58	1	75	28	0	0	0	98.28	20.32	7.14
SRR9222209.asm1	o__Clostridiales (UID1212)	172	261	147	3	258	0	0	0	0	97.96	0.00	0.00
SRR9222212.asm1	o__Clostridiales (UID1212)	172	261	147	3	258	0	0	0	0	97.96	0.00	0.00
SRR9222218.asm1	o__Clostridiales (UID1212)	172	261	147	3	258	0	0	0	0	97.96	0.00	0.00
SRR9222231.asm1	c__Bacilli (UID285)	586	302	166	1	269	32	0	0	0	99.40	10.54	96.88
SRR9222232.asm1	c__Bacilli (UID285)	586	302	166	1	300	1	0	0	0	99.40	0.30	0.00
SRR9222236.asm1	c__Bacilli (UID285)	586	302	166	1	300	1	0	0	0	99.40	0.30	0.00
SRR9222239.asm1	g__Streptococcus (UID684)	26	668	229	2	664	2	0	0	0	99.90	0.58	0.00
SRR9222241.asm1	c__Bacilli (UID285)	586	302	166	2	298	2	0	0	0	98.80	0.50	0.00
SRR9222242.asm1	g__Streptococcus (UID684)	26	668	229	2	664	2	0	0	0	99.90	0.58	0.00
SRR9222246.asm1	g__Streptococcus (UID684)	26	668	229	2	664	2	0	0	0	99.90	0.58	0.00
SRR9222247.asm1	c__Bacilli (UID285)	586	302	166	1	300	1	0	0	0	99.40	0.30	0.00
SRR9222249.asm1	o__Bacteroidales (UID2621)	198	427	260	3	422	2	0	0	0	99.23	0.38	0.00
SRR9222262.asm1	o__Bacteroidales (UID2621)	198	427	260	2	420	5	0	0	0	99.42	1.28	0.00
SRR9222265.asm1	o__Bacteroidales (UID2621)	198	427	260	2	420	5	0	0	0	99.42	1.28	0.00
SRR9222274.asm1	o__Clostridiales (UID1212)	172	261	147	0	261	0	0	0	0	100.00	0.00	0.00
SRR9222279.asm1	g__Streptococcus (UID684)	26	668	229	6	658	4	0	0	0	99.58	1.46	0.00
SRR9222281.asm1	k__Bacteria (UID203)	5449	104	58	0	16	88	0	0	0	100.00	80.95	0.00
SRR9222289.asm1	o__Bacteroidales (UID2621)	198	427	260	1	422	4	0	0	0	99.62	1.03	0.00
SRR9222294.asm1	c__Bacilli (UID285)	586	302	166	5	295	2	0	0	0	96.99	0.90	0.00
SRR9222296.asm1	c__Bacilli (UID285)	586	302	166	1	300	1	0	0	0	99.40	0.30	0.00
SRR9222308.asm1	c__Bacilli (UID285)	586	302	166	1	300	1	0	0	0	99.40	0.30	0.00
SRR9222310.asm1	g__Streptococcus (UID684)	26	668	229	2	662	4	0	0	0	99.90	0.68	0.00
SRR9222312.asm1	g__Streptococcus (UID684)	26	668	229	6	658	4	0	0	0	99.58	1.46	0.00
SRR9222313.asm1	g__Streptococcus (UID684)	26	668	229	6	658	4	0	0	0	99.58	1.46	0.00
SRR9222316.asm1	g__Streptococcus (UID684)	26	668	229	2	664	2	0	0	0	99.90	0.58	0.00
SRR9222322.asm1	f__Lachnospiraceae (UID1286)	57	420	207	2	408	9	1	0	0	99.03	2.10	0.00
SRR9222324.asm1	o__Clostridiales (UID1212)	172	263	149	1	260	2	0	0	0	99.33	1.01	0.00
SRR9222326.asm1	o__Bacteroidales (UID2621)	198	427	260	2	424	1	0	0	0	99.42	0.13	0.00
SRR9222331.asm1	c__Bacilli (UID285)	586	302	166	2	299	1	0	0	0	98.80	0.30	0.00
SRR9222338.asm1	k__Bacteria (UID203)	5449	104	58	0	59	44	1	0	0	100.00	28.20	0.00
SRR9222348.asm1	o__Bacteroidales (UID2621)	198	427	260	1	426	0	0	0	0	99.62	0.00	0.00
SRR9222354.asm1	c__Bacilli (UID285)	586	302	166	1	300	1	0	0	0	99.40	0.30	0.00
SRR9222355.asm1	c__Bacilli (UID285)	586	302	166	1	300	1	0	0	0	99.40	0.30	0.00
SRR9222356.asm1	c__Bacilli (UID285)	586	302	166	1	300	1	0	0	0	99.40	0.30	0.00
SRR9222363.asm1	o__Bacteroidales (UID2621)	198	427	260	1	424	2	0	0	0	99.62	0.51	0.00
SRR9222366.asm1	k__Bacteria (UID203)	5449	103	58	0	2	74	26	1	0	100.00	132.13	0.00
SRR9222373.asm1	o__Selenomonadales (UID1024)	64	334	167	1	329	4	0	0	0	99.98	1.50	0.00
SRR9222392.asm1	c__Bacilli (UID285)	586	302	166	2	288	12	0	0	0	98.80	1.64	0.00
SRR9222396.asm1	o__Clostridiales (UID1212)	172	261	147	3	257	1	0	0	0	97.96	0.68	0.00
SRR9222398.asm1	o__Clostridiales (UID1212)	172	261	147	3	258	0	0	0	0	97.96	0.00	0.00
SRR9222405.asm1	root (UID1)	5656	56	24	0	0	56	0	0	0	100.00	100.00	85.71
SRR9222406.asm1	root (UID1)	5656	56	24	0	0	56	0	0	0	100.00	100.00	0.00
SRR9222407.asm1	k__Bacteria (UID203)	5449	104	58	0	38	66	0	0	0	100.00	75.97	72.73
SRR9222409.asm1	o__Bacteroidales (UID2621)	198	427	260	1	423	3	0	0	0	99.62	0.90	0.00
SRR9222417.asm1	c__Bacilli (UID285)	586	302	166	2	296	4	0	0	0	98.80	2.11	75.00
SRR9222419.asm1	root (UID1)	5656	56	24	0	0	56	0	0	0	100.00	100.00	0.00
SRR9222422.asm1	c__Bacilli (UID285)	586	302	166	1	300	1	0	0	0	99.40	0.30	0.00
SRR9222438.asm1	o__Selenomonadales (UID1024)	64	334	167	1	329	4	0	0	0	99.98	1.50	0.00
SRR9222439.asm1	o__Selenomonadales (UID1024)	64	334	167	1	329	4	0	0	0	99.98	1.50	0.00
SRR9222442.asm1	k__Bacteria (UID203)	5449	103	57	0	70	32	1	0	0	100.00	24.15	0.00
SRR9222445.asm1	c__Gammaproteobacteria (UID4442)	899	312	185	0	305	7	0	0	0	100.00	0.24	0.00
SRR9222448.asm1	o__Lactobacillales (UID374)	471	350	191	2	348	0	0	0	0	98.95	0.00	0.00
SRR9222456.asm1	c__Bacilli (UID285)	586	302	166	2	298	2	0	0	0	98.80	0.90	0.00
SRR9222458.asm1	o__Clostridiales (UID1212)	172	261	147	0	261	0	0	0	0	100.00	0.00	0.00
SRR9222460.asm1	o__Clostridiales (UID1212)	172	261	147	0	260	1	0	0	0	100.00	0.14	0.00
SRR9222461.asm1	o__Clostridiales (UID1212)	172	261	147	0	261	0	0	0	0	100.00	0.00	0.00
SRR9222462.asm1	o__Clostridiales (UID1212)	172	261	147	0	261	0	0	0	0	100.00	0.00	0.00
SRR9222463.asm1	c__Bacilli (UID285)	586	302	166	2	298	2	0	0	0	98.80	0.90	0.00
SRR9222464.asm1	o__Clostridiales (UID1212)	172	261	147	0	261	0	0	0	0	100.00	0.00	0.00
SRR9222477.asm1	o__Bacteroidales (UID2621)	198	427	260	1	422	4	0	0	0	99.62	1.03	0.00
SRR9222483.asm1	o__Bacteroidales (UID2621)	198	427	260	1	422	4	0	0	0	99.62	1.03	0.00
SRR9222488.asm1	c__Bacilli (UID285)	586	302	166	1	300	1	0	0	0	99.40	0.30	0.00
SRR9222496.asm1	f__Lachnospiraceae (UID1286)	57	420	207	3	409	8	0	0	0	99.21	2.90	0.00
SRR9222511.asm1	o__Bacteroidales (UID2621)	198	427	260	1	302	120	4	0	0	99.62	33.27	3.03
SRR9222513.asm1	p__Proteobacteria (UID3887)	1487	255	158	0	254	1	0	0	0	100.00	0.11	0.00
SRR9274568.asm1	f__Bifidobacteriaceae (UID1458)	77	464	220	0	463	1	0	0	0	100.00	0.23	0.00
SRR9274569.asm1	f__Bifidobacteriaceae (UID1458)	77	464	220	0	463	1	0	0	0	100.00	0.23	0.00
SRR9274575.asm1	f__Bifidobacteriaceae (UID1462)	65	476	217	0	476	0	0	0	0	100.00	0.00	0.00
SRR9274579.asm1	f__Bifidobacteriaceae (UID1462)	65	476	217	0	252	215	8	1	0	100.00	49.17	13.88
SRR9274583.asm1	f__Bifidobacteriaceae (UID1462)	65	476	217	1	475	0	0	0	0	99.54	0.00	0.00
SRR9274592.asm1	g__Bacteroides (UID2691)	33	839	309	3	836	0	0	0	0	99.46	0.00	0.00
SRR9274595.asm1	f__Bifidobacteriaceae (UID1462)	65	476	217	0	476	0	0	0	0	100.00	0.00	0.00
SRR9274596.asm1	o__Bacteroidales (UID2654)	163	486	266	2	483	1	0	0	0	99.25	0.13	0.00
SRR9274600.asm1	g__Bacteroides (UID2691)	33	839	309	4	834	1	0	0	0	99.43	0.11	0.00
SRR9274601.asm1	g__Bacteroides (UID2691)	33	839	309	3	835	1	0	0	0	99.46	0.11	0.00
SRR9274607.asm1	g__Bacteroides (UID2691)	33	839	309	4	795	40	0	0	0	99.14	5.46	10.00
SRR9274610.asm1	g__Bacteroides (UID2691)	33	839	309	3	836	0	0	0	0	99.46	0.00	0.00
SRR9274611.asm1	g__Bacteroides (UID2691)	33	839	309	3	836	0	0	0	0	99.46	0.00	0.00
SRR9274614.asm1	f__Bifidobacteriaceae (UID1458)	77	464	220	0	461	3	0	0	0	100.00	1.00	0.00
SRR9274617.asm1	f__Bifidobacteriaceae (UID1458)	77	464	220	0	463	1	0	0	0	100.00	0.45	0.00
SRR9274619.asm1	f__Bifidobacteriaceae (UID1458)	77	464	220	0	463	1	0	0	0	100.00	0.45	0.00
SRR9274620.asm1	f__Bifidobacteriaceae (UID1458)	77	464	220	0	462	2	0	0	0	100.00	0.55	0.00
SRR9274623.asm1	f__Bifidobacteriaceae (UID1458)	77	464	220	0	463	1	0	0	0	100.00	0.45	0.00
SRR9274634.asm1	g__Bacteroides (UID2691)	33	839	309	3	835	1	0	0	0	99.46	0.32	0.00
SRR9274647.asm1	f__Bifidobacteriaceae (UID1458)	77	464	220	0	464	0	0	0	0	100.00	0.00	0.00
SRR9274648.asm1	f__Bifidobacteriaceae (UID1458)	77	464	220	0	464	0	0	0	0	100.00	0.00	0.00
SRR9274651.asm1	f__Bifidobacteriaceae (UID1458)	77	464	220	0	464	0	0	0	0	100.00	0.00	0.00
SRR9274652.asm1	f__Bifidobacteriaceae (UID1458)	77	464	220	0	464	0	0	0	0	100.00	0.00	0.00
SRR9274653.asm1	f__Bifidobacteriaceae (UID1458)	77	464	220	0	464	0	0	0	0	100.00	0.00	0.00
SRR9274656.asm1	o__Bacteroidales (UID2657)	160	492	269	2	489	1	0	0	0	99.26	0.37	0.00
SRR9274659.asm1	o__Bacteroidales (UID2657)	160	492	269	2	489	1	0	0	0	99.26	0.37	0.00
SRR9274662.asm1	o__Bacteroidales (UID2657)	160	492	269	2	488	2	0	0	0	99.26	0.56	0.00
SRR9274663.asm1	o__Bacteroidales (UID2657)	160	492	269	2	488	2	0	0	0	99.26	0.56	0.00
SRR9274664.asm1	o__Bacteroidales (UID2657)	160	492	269	2	489	1	0	0	0	99.26	0.37	0.00
SRR9274667.asm1	o__Bacteroidales (UID2657)	160	492	269	2	489	1	0	0	0	99.26	0.19	0.00
SRR9274669.asm1	g__Bacteroides (UID2691)	33	839	309	3	835	1	0	0	0	99.46	0.32	0.00
SRR9274671.asm1	f__Bifidobacteriaceae (UID1462)	65	476	217	0	476	0	0	0	0	100.00	0.00	0.00
SRR9274673.asm1	g__Bacteroides (UID2691)	33	839	309	3	836	0	0	0	0	99.46	0.00	0.00
SRR9274674.asm1	g__Bacteroides (UID2691)	33	839	309	4	835	0	0	0	0	99.44	0.00	0.00
SRR9274678.asm1	f__Bifidobacteriaceae (UID1462)	65	476	217	0	475	1	0	0	0	100.00	0.06	0.00
SRR9274680.asm1	f__Bifidobacteriaceae (UID1462)	65	476	217	0	475	1	0	0	0	100.00	0.06	0.00
SRR9274688.asm1	g__Bacteroides (UID2691)	33	839	309	3	835	1	0	0	0	99.46	0.32	0.00
SRR9274689.asm1	g__Bacteroides (UID2691)	33	839	309	3	835	1	0	0	0	99.46	0.32	0.00
SRR9274690.asm1	f__Bifidobacteriaceae (UID1462)	65	476	217	0	476	0	0	0	0	100.00	0.00	0.00
SRR9274694.asm1	g__Bacteroides (UID2691)	33	839	309	3	800	34	2	0	0	99.46	4.60	0.00
SRR9274695.asm1	g__Bacteroides (UID2691)	33	839	309	4	834	1	0	0	0	99.14	0.16	0.00
SRR9274701.asm1	f__Bifidobacteriaceae (UID1462)	65	476	217	0	476	0	0	0	0	100.00	0.00	0.00
SRR9274702.asm1	f__Bifidobacteriaceae (UID1462)	65	476	217	0	476	0	0	0	0	100.00	0.00	0.00
SRR9274703.asm1	o__Bacteroidales (UID2657)	160	492	269	2	490	0	0	0	0	99.26	0.00	0.00
SRR9274705.asm1	o__Bacteroidales (UID2657)	160	492	269	2	490	0	0	0	0	99.26	0.00	0.00
SRR9274708.asm1	f__Bifidobacteriaceae (UID1462)	65	476	217	0	476	0	0	0	0	100.00	0.00	0.00
SRR9274711.asm1	f__Bifidobacteriaceae (UID1462)	65	476	217	0	476	0	0	0	0	100.00	0.00	0.00
SRR9274718.asm1	f__Bifidobacteriaceae (UID1458)	77	464	220	0	463	1	0	0	0	100.00	0.45	0.00
SRR9274719.asm1	f__Bifidobacteriaceae (UID1458)	77	464	220	0	463	1	0	0	0	100.00	0.45	0.00
SRR9274730.asm1	o__Bacteroidales (UID2654)	163	485	265	2	482	1	0	0	0	99.25	0.13	0.00
SRR9274739.asm1	o__Bacteroidales (UID2654)	163	485	265	2	482	1	0	0	0	99.25	0.13	0.00
SRR9274743.asm1	o__Bacteroidales (UID2654)	163	485	265	2	481	2	0	0	0	99.25	0.31	0.00
SRR9274744.asm1	o__Bacteroidales (UID2654)	163	485	265	2	482	1	0	0	0	99.25	0.13	0.00
SRR9274745.asm1	f__Bifidobacteriaceae (UID1462)	65	476	217	0	476	0	0	0	0	100.00	0.00	0.00
SRR9274755.asm1	o__Bacteroidales (UID2654)	163	485	265	2	479	4	0	0	0	99.25	0.69	0.00
SRR9274759.asm1	o__Bacteroidales (UID2654)	163	486	266	2	482	2	0	0	0	99.25	0.38	0.00
SRR9274765.asm1	o__Bacteroidales (UID2654)	163	486	266	2	482	2	0	0	0	99.25	0.38	0.00
SRR9274767.asm1	g__Bacteroides (UID2691)	33	839	309	254	575	10	0	0	0	69.66	1.70	0.00
SRR9274769.asm1	f__Bifidobacteriaceae (UID1458)	77	464	220	0	463	1	0	0	0	100.00	0.45	0.00
SRR9274770.asm1	o__Bacteroidales (UID2657)	160	492	269	2	490	0	0	0	0	99.26	0.00	0.00
SRR9274774.asm1	f__Bifidobacteriaceae (UID1458)	77	464	220	0	463	1	0	0	0	100.00	0.45	0.00
SRR9274778.asm1	o__Bacteroidales (UID2654)	163	486	266	2	482	2	0	0	0	99.25	0.31	0.00
SRR9274780.asm1	o__Bacteroidales (UID2654)	163	486	266	2	482	2	0	0	0	99.25	0.31	0.00
SRR9274781.asm1	o__Bacteroidales (UID2654)	163	486	266	2	413	71	0	0	0	99.25	14.77	16.90
SRR9274784.asm1	f__Bifidobacteriaceae (UID1462)	65	476	217	0	460	16	0	0	0	100.00	4.01	0.00
SRR9274786.asm1	g__Bacteroides (UID2691)	33	839	309	5	833	1	0	0	0	99.34	0.32	0.00
SRR9274793.asm1	f__Bifidobacteriaceae (UID1462)	65	476	217	0	476	0	0	0	0	100.00	0.00	0.00
SRR9274794.asm1	f__Bifidobacteriaceae (UID1462)	65	476	217	0	476	0	0	0	0	100.00	0.00	0.00
SRR9274796.asm1	f__Bifidobacteriaceae (UID1462)	65	476	217	0	475	1	0	0	0	100.00	0.46	0.00
SRR9274798.asm1	f__Bifidobacteriaceae (UID1462)	65	476	217	0	476	0	0	0	0	100.00	0.00	0.00
SRR9274800.asm1	f__Bifidobacteriaceae (UID1462)	65	476	217	0	476	0	0	0	0	100.00	0.00	0.00
SRR9274807.asm1	f__Bifidobacteriaceae (UID1462)	65	476	217	0	476	0	0	0	0	100.00	0.00	0.00
SRR9274808.asm1	f__Bifidobacteriaceae (UID1458)	77	464	220	0	463	1	0	0	0	100.00	0.45	0.00
SRR9274813.asm1	f__Bifidobacteriaceae (UID1458)	77	464	220	0	463	1	0	0	0	100.00	0.45	0.00
SRR9274816.asm1	f__Bifidobacteriaceae (UID1458)	77	464	220	0	463	1	0	0	0	100.00	0.45	0.00
SRR9274819.asm1	f__Bifidobacteriaceae (UID1462)	65	476	217	0	476	0	0	0	0	100.00	0.00	0.00
SRR9274822.asm1	f__Bifidobacteriaceae (UID1462)	65	476	217	0	476	0	0	0	0	100.00	0.00	0.00
SRR9274824.asm1	f__Bifidobacteriaceae (UID1462)	65	476	217	0	476	0	0	0	0	100.00	0.00	0.00
SRR9274826.asm1	f__Bifidobacteriaceae (UID1462)	65	476	217	0	476	0	0	0	0	100.00	0.00	0.00
SRR9274829.asm1	f__Bifidobacteriaceae (UID1462)	65	476	217	0	476	0	0	0	0	100.00	0.00	0.00
SRR9274835.asm1	f__Bifidobacteriaceae (UID1462)	65	476	217	1	475	0	0	0	0	99.54	0.00	0.00
SRR9274838.asm1	o__Bacteroidales (UID2654)	163	486	266	2	482	2	0	0	0	99.25	0.31	0.00
SRR9274842.asm1	o__Bacteroidales (UID2654)	163	486	266	2	482	2	0	0	0	99.25	0.31	0.00
SRR9274844.asm1	root (UID1)	5656	56	24	0	0	0	48	8	0	100.00	208.22	0.00
SRR9274845.asm1	o__Bacteroidales (UID2654)	163	486	266	2	482	2	0	0	0	99.25	0.31	0.00
SRR9274852.asm1	f__Bifidobacteriaceae (UID1462)	65	476	217	0	476	0	0	0	0	100.00	0.00	0.00
SRR9274862.asm1	f__Bifidobacteriaceae (UID1462)	65	476	217	1	475	0	0	0	0	99.94	0.00	0.00
SRR9274872.asm1	g__Bacteroides (UID2691)	33	839	309	4	831	4	0	0	0	99.14	0.40	0.00
SRR9274874.asm1	g__Bacteroides (UID2691)	33	839	309	3	835	1	0	0	0	99.46	0.32	0.00
SRR9274875.asm1	f__Bifidobacteriaceae (UID1458)	77	464	220	0	463	1	0	0	0	100.00	0.45	0.00
SRR9274879.asm1	f__Bifidobacteriaceae (UID1458)	77	464	220	0	463	1	0	0	0	100.00	0.45	0.00
SRR9274882.asm1	f__Bifidobacteriaceae (UID1458)	77	464	220	0	463	1	0	0	0	100.00	0.45	0.00
SRR9274896.asm1	g__Bacteroides (UID2691)	33	839	309	70	761	8	0	0	0	89.90	1.16	0.00
SRR9274897.asm1	o__Bacteroidales (UID2657)	160	492	269	2	490	0	0	0	0	99.26	0.00	0.00
SRR9274899.asm1	o__Bacteroidales (UID2657)	160	492	269	2	483	7	0	0	0	99.26	2.60	100.00
SRR9274903.asm1	o__Bacteroidales (UID2657)	160	492	269	2	488	2	0	0	0	99.26	0.50	0.00
SRR9274917.asm1	f__Bifidobacteriaceae (UID1462)	65	476	217	0	476	0	0	0	0	100.00	0.00	0.00
SRR9274918.asm1	f__Bifidobacteriaceae (UID1462)	65	476	217	1	475	0	0	0	0	99.94	0.00	0.00
SRR9274925.asm1	f__Bifidobacteriaceae (UID1460)	70	502	225	0	502	0	0	0	0	100.00	0.00	0.00
SRR9274929.asm1	f__Bifidobacteriaceae (UID1462)	65	476	217	0	402	73	1	0	0	100.00	16.38	0.00
SRR9274935.asm1	f__Bifidobacteriaceae (UID1462)	65	476	217	0	476	0	0	0	0	100.00	0.00	0.00
SRR9274939.asm1	f__Bifidobacteriaceae (UID1462)	65	476	217	0	476	0	0	0	0	100.00	0.00	0.00
SRR9274942.asm1	f__Bifidobacteriaceae (UID1458)	77	464	220	0	463	1	0	0	0	100.00	0.45	0.00
SRR9274944.asm1	f__Bifidobacteriaceae (UID1458)	77	464	220	0	463	1	0	0	0	100.00	0.45	0.00
SRR9274945.asm1	f__Bifidobacteriaceae (UID1458)	77	464	220	0	462	2	0	0	0	100.00	0.55	0.00
SRR9274948.asm1	f__Bifidobacteriaceae (UID1462)	65	476	217	0	476	0	0	0	0	100.00	0.00	0.00
SRR9274951.asm1	f__Bifidobacteriaceae (UID1458)	77	464	220	0	463	1	0	0	0	100.00	0.45	0.00
SRR9274953.asm1	f__Bifidobacteriaceae (UID1462)	65	476	217	0	461	15	0	0	0	100.00	3.03	0.00
SRR9274966.asm1	f__Bifidobacteriaceae (UID1462)	65	476	217	0	476	0	0	0	0	100.00	0.00	0.00
SRR9274967.asm1	f__Bifidobacteriaceae (UID1462)	65	476	217	0	476	0	0	0	0	100.00	0.00	0.00
SRR9274971.asm1	k__Bacteria (UID203)	5449	104	58	0	1	44	59	0	0	100.00	146.55	26.70
SRR9274972.asm1	k__Bacteria (UID203)	5449	103	57	0	64	39	0	0	0	100.00	27.75	100.00
SRR9274978.asm1	f__Bifidobacteriaceae (UID1458)	77	464	220	0	463	1	0	0	0	100.00	0.23	0.00
SRR9274983.asm1	f__Bifidobacteriaceae (UID1462)	65	476	217	1	475	0	0	0	0	99.94	0.00	0.00
SRR9274984.asm1	f__Bifidobacteriaceae (UID1462)	65	476	217	1	475	0	0	0	0	99.94	0.00	0.00
SRR9274985.asm1	f__Bifidobacteriaceae (UID1462)	65	476	217	1	474	1	0	0	0	99.94	0.46	0.00
SRR9274987.asm1	f__Bifidobacteriaceae (UID1462)	65	476	217	1	475	0	0	0	0	99.94	0.00	0.00
SRR9274988.asm1	f__Bifidobacteriaceae (UID1462)	65	476	217	0	476	0	0	0	0	100.00	0.00	0.00
SRR9274990.asm1	f__Bifidobacteriaceae (UID1462)	65	476	217	0	476	0	0	0	0	100.00	0.00	0.00
SRR9274992.asm1	f__Bifidobacteriaceae (UID1462)	65	476	217	0	476	0	0	0	0	100.00	0.00	0.00
SRR9275002.asm1	f__Bifidobacteriaceae (UID1462)	65	476	217	0	476	0	0	0	0	100.00	0.00	0.00
SRR9275004.asm1	f__Bifidobacteriaceae (UID1462)	65	476	217	0	476	0	0	0	0	100.00	0.00	0.00
SRR9275007.asm1	f__Bifidobacteriaceae (UID1462)	65	476	217	0	476	0	0	0	0	100.00	0.00	0.00
SRR9275011.asm1	f__Bifidobacteriaceae (UID1462)	65	476	217	0	475	1	0	0	0	100.00	0.06	0.00
SRR9275015.asm1	f__Bifidobacteriaceae (UID1462)	65	476	217	0	476	0	0	0	0	100.00	0.00	0.00
SRR9275018.asm1	f__Bifidobacteriaceae (UID1462)	65	476	217	0	476	0	0	0	0	100.00	0.00	0.00
SRR9275023.asm1	f__Bifidobacteriaceae (UID1462)	65	476	217	0	476	0	0	0	0	100.00	0.00	0.00
SRR9275024.asm1	f__Bifidobacteriaceae (UID1462)	65	476	217	0	476	0	0	0	0	100.00	0.00	0.00
SRR9275034.asm1	f__Bifidobacteriaceae (UID1458)	77	464	220	0	463	1	0	0	0	100.00	0.45	0.00
SRR9275038.asm1	f__Bifidobacteriaceae (UID1458)	77	464	220	0	463	1	0	0	0	100.00	0.45	0.00
SRR9275041.asm1	f__Bifidobacteriaceae (UID1462)	65	476	217	0	476	0	0	0	0	100.00	0.00	0.00
SRR9275057.asm1	o__Bacteroidales (UID2654)	163	485	265	2	479	4	0	0	0	99.25	0.69	0.00
SRR9275060.asm1	o__Bacteroidales (UID2654)	163	486	266	2	482	2	0	0	0	99.25	0.31	0.00
SRR9275062.asm1	o__Bacteroidales (UID2654)	163	486	266	2	482	2	0	0	0	99.25	0.31	0.00
SRR9275068.asm1	f__Bifidobacteriaceae (UID1462)	65	476	217	0	476	0	0	0	0	100.00	0.00	0.00
SRR9275069.asm1	f__Bifidobacteriaceae (UID1462)	65	476	217	0	476	0	0	0	0	100.00	0.00	0.00
SRR9275076.asm1	f__Bifidobacteriaceae (UID1458)	77	464	220	0	463	1	0	0	0	100.00	0.45	0.00
SRR9275086.asm1	f__Bifidobacteriaceae (UID1458)	77	464	220	0	463	1	0	0	0	100.00	0.45	0.00
SRR9275104.asm1	f__Bifidobacteriaceae (UID1458)	77	464	220	0	463	1	0	0	0	100.00	0.45	0.00
SRR9275106.asm1	f__Bifidobacteriaceae (UID1458)	77	464	220	0	463	1	0	0	0	100.00	0.45	0.00
SRR9275121.asm1	f__Bifidobacteriaceae (UID1458)	77	464	220	0	464	0	0	0	0	100.00	0.00	0.00
SRR9275122.asm1	g__Bacteroides (UID2691)	33	839	309	13	820	6	0	0	0	98.38	1.12	16.67
SRR9275126.asm1	g__Bacteroides (UID2691)	33	839	309	3	836	0	0	0	0	99.46	0.00	0.00
SRR9275128.asm1	g__Bacteroides (UID2691)	33	839	309	3	836	0	0	0	0	99.46	0.00	0.00
SRR9275130.asm1	o__Bacteroidales (UID2654)	163	486	266	2	484	0	0	0	0	99.25	0.00	0.00
SRR9275132.asm1	root (UID1)	5656	56	24	0	0	53	3	0	0	100.00	101.30	0.00
SRR9275136.asm1	f__Bifidobacteriaceae (UID1458)	77	464	220	0	464	0	0	0	0	100.00	0.00	0.00
SRR9275141.asm1	f__Bifidobacteriaceae (UID1462)	65	476	217	0	476	0	0	0	0	100.00	0.00	0.00
SRR9275142.asm1	f__Bifidobacteriaceae (UID1462)	65	476	217	0	476	0	0	0	0	100.00	0.00	0.00
SRR9275144.asm1	o__Bacteroidales (UID2654)	163	486	266	2	482	2	0	0	0	99.25	0.31	0.00
SRR9275152.asm1	o__Bacteroidales (UID2654)	163	486	266	2	482	2	0	0	0	99.25	0.38	0.00
SRR9275155.asm1	o__Bacteroidales (UID2654)	163	486	266	2	482	2	0	0	0	99.25	0.38	0.00
SRR9275157.asm1	o__Bacteroidales (UID2654)	163	486	266	2	482	2	0	0	0	99.25	0.38	0.00
SRR9275158.asm1	o__Bacteroidales (UID2654)	163	486	266	2	482	2	0	0	0	99.25	0.38	0.00
SRR9275163.asm1	f__Bifidobacteriaceae (UID1462)	65	476	217	0	476	0	0	0	0	100.00	0.00	0.00
SRR9275175.asm1	o__Bacteroidales (UID2657)	160	492	269	2	489	1	0	0	0	99.26	0.19	0.00
SRR9275180.asm1	f__Bifidobacteriaceae (UID1462)	65	476	217	0	476	0	0	0	0	100.00	0.00	0.00
SRR9275181.asm1	o__Bacteroidales (UID2657)	160	492	269	2	485	5	0	0	0	99.26	0.64	20.00
SRR9275182.asm1	f__Bifidobacteriaceae (UID1462)	65	476	217	0	476	0	0	0	0	100.00	0.00	0.00
SRR9275185.asm1	f__Bifidobacteriaceae (UID1462)	65	476	217	0	476	0	0	0	0	100.00	0.00	0.00
SRR9275192.asm1	f__Bifidobacteriaceae (UID1462)	65	476	217	0	476	0	0	0	0	100.00	0.00	0.00
SRR9275195.asm1	f__Bifidobacteriaceae (UID1462)	65	476	217	0	476	0	0	0	0	100.00	0.00	0.00
SRR9275203.asm1	f__Bifidobacteriaceae (UID1458)	77	464	220	0	463	1	0	0	0	100.00	0.45	0.00
SRR9275217.asm1	f__Bifidobacteriaceae (UID1462)	65	476	217	0	468	8	0	0	0	100.00	1.38	0.00
SRR9275225.asm1	f__Bifidobacteriaceae (UID1462)	65	476	217	0	476	0	0	0	0	100.00	0.00	0.00
SRR9275227.asm1	f__Bifidobacteriaceae (UID1462)	65	476	217	0	476	0	0	0	0	100.00	0.00	0.00
SRR9275233.asm1	g__Bacteroides (UID2691)	33	839	309	3	835	1	0	0	0	99.46	0.32	0.00
SRR9275234.asm1	g__Bacteroides (UID2691)	33	839	309	16	820	3	0	0	0	97.61	0.18	0.00
SRR9275238.asm1	f__Bifidobacteriaceae (UID1462)	65	476	217	0	476	0	0	0	0	100.00	0.00	0.00
SRR9275246.asm1	f__Bifidobacteriaceae (UID1462)	65	476	217	1	475	0	0	0	0	99.54	0.00	0.00
SRR9275248.asm1	f__Bifidobacteriaceae (UID1462)	65	476	217	1	475	0	0	0	0	99.54	0.00	0.00
SRR9275250.asm1	f__Bifidobacteriaceae (UID1462)	65	476	217	1	475	0	0	0	0	99.54	0.00	0.00
SRR9275259.asm1	f__Bifidobacteriaceae (UID1462)	65	476	217	1	429	45	1	0	0	99.54	11.70	14.58
SRR9275262.asm1	o__Bacteroidales (UID2654)	163	486	266	2	482	2	0	0	0	99.25	0.31	0.00
SRR9275264.asm1	f__Bifidobacteriaceae (UID1462)	65	476	217	0	476	0	0	0	0	100.00	0.00	0.00
SRR9275266.asm1	o__Bacteroidales (UID2657)	160	492	269	2	490	0	0	0	0	99.26	0.00	0.00
SRR9275272.asm1	o__Bacteroidales (UID2657)	160	492	269	2	489	1	0	0	0	99.26	0.37	0.00
SRR9275274.asm1	o__Bacteroidales (UID2657)	160	492	269	2	487	3	0	0	0	99.26	0.74	0.00
SRR9275276.asm1	o__Bacteroidales (UID2657)	160	492	269	2	487	3	0	0	0	99.26	0.74	0.00
SRR9275277.asm1	o__Bacteroidales (UID2657)	160	492	269	2	489	1	0	0	0	99.26	0.12	0.00
SRR9275282.asm1	o__Bacteroidales (UID2654)	163	486	266	2	482	2	0	0	0	99.25	0.31	0.00
SRR9275288.asm1	f__Bifidobacteriaceae (UID1458)	77	464	220	0	463	1	0	0	0	100.00	0.45	0.00
SRR9275297.asm1	f__Bifidobacteriaceae (UID1462)	65	476	217	0	476	0	0	0	0	100.00	0.00	0.00
SRR9275304.asm1	f__Bifidobacteriaceae (UID1462)	65	476	217	0	476	0	0	0	0	100.00	0.00	0.00
SRR9275310.asm1	g__Bacteroides (UID2691)	33	839	309	6	813	20	0	0	0	99.00	2.69	0.00
SRR9275315.asm1	g__Bacteroides (UID2691)	33	839	309	5	833	1	0	0	0	99.10	0.16	0.00
SRR9275321.asm1	f__Bifidobacteriaceae (UID1458)	77	464	220	0	462	2	0	0	0	100.00	0.55	0.00
SRR9275330.asm1	f__Bifidobacteriaceae (UID1462)	65	476	217	0	462	14	0	0	0	100.00	2.15	100.00
SRR9275332.asm1	f__Bifidobacteriaceae (UID1462)	65	476	217	0	476	0	0	0	0	100.00	0.00	0.00
SRR9275333.asm1	f__Bifidobacteriaceae (UID1462)	65	476	217	0	476	0	0	0	0	100.00	0.00	0.00
SRR9275334.asm1	f__Bifidobacteriaceae (UID1462)	65	476	217	0	476	0	0	0	0	100.00	0.00	0.00
SRR9275336.asm1	f__Bifidobacteriaceae (UID1462)	65	476	217	0	476	0	0	0	0	100.00	0.00	0.00
SRR9275340.asm1	f__Bifidobacteriaceae (UID1458)	77	464	220	0	463	1	0	0	0	100.00	0.45	0.00
SRR9275342.asm1	f__Bifidobacteriaceae (UID1458)	77	464	220	0	463	1	0	0	0	100.00	0.45	0.00
SRR9275343.asm1	f__Bifidobacteriaceae (UID1458)	77	464	220	0	463	1	0	0	0	100.00	0.45	0.00
SRR9275346.asm1	f__Bifidobacteriaceae (UID1458)	77	464	220	0	459	4	1	0	0	100.00	1.58	0.00
SRR9275357.asm1	f__Bifidobacteriaceae (UID1462)	65	476	217	0	476	0	0	0	0	100.00	0.00	0.00
SRR9275361.asm1	f__Bifidobacteriaceae (UID1462)	65	476	217	1	475	0	0	0	0	99.94	0.00	0.00
SRR9275362.asm1	f__Bifidobacteriaceae (UID1458)	77	464	220	0	463	1	0	0	0	100.00	0.08	0.00
SRR9275364.asm1	f__Bifidobacteriaceae (UID1458)	77	464	220	0	463	1	0	0	0	100.00	0.45	0.00
SRR9275368.asm1	f__Bifidobacteriaceae (UID1458)	77	464	220	0	463	1	0	0	0	100.00	0.45	0.00
SRR9275369.asm1	f__Bifidobacteriaceae (UID1458)	77	464	220	0	463	1	0	0	0	100.00	0.45	0.00
SRR9275370.asm1	f__Bifidobacteriaceae (UID1462)	65	476	217	0	476	0	0	0	0	100.00	0.00	0.00
SRR9275386.asm1	o__Bacteroidales (UID2654)	163	485	265	2	479	4	0	0	0	99.25	0.69	0.00
SRR9275390.asm1	f__Bifidobacteriaceae (UID1462)	65	476	217	0	476	0	0	0	0	100.00	0.00	0.00
SRR9275396.asm1	o__Bacteroidales (UID2654)	163	486	266	2	482	2	0	0	0	99.25	0.31	0.00
SRR9275397.asm1	o__Bacteroidales (UID2654)	163	486	266	2	482	2	0	0	0	99.25	0.31	0.00
SRR9275399.asm1	o__Bacteroidales (UID2657)	160	492	269	2	490	0	0	0	0	99.26	0.00	0.00
SRR9275400.asm1	o__Bacteroidales (UID2657)	160	492	269	2	490	0	0	0	0	99.26	0.00	0.00
SRR9275402.asm1	o__Bacteroidales (UID2654)	163	486	266	2	482	2	0	0	0	99.25	0.31	0.00
SRR9275404.asm1	o__Bacteroidales (UID2654)	163	486	266	2	482	2	0	0	0	99.25	0.31	0.00
SRR9275409.asm1	o__Bacteroidales (UID2654)	163	486	266	2	482	2	0	0	0	99.25	0.31	0.00
SRR9275410.asm1	f__Bifidobacteriaceae (UID1462)	65	476	217	0	476	0	0	0	0	100.00	0.00	0.00
SRR9275414.asm1	k__Bacteria (UID203)	5449	104	58	0	57	47	0	0	0	100.00	15.52	100.00
SRR9275420.asm1	f__Bifidobacteriaceae (UID1458)	77	464	220	0	464	0	0	0	0	100.00	0.00	0.00
SRR9275422.asm1	f__Bifidobacteriaceae (UID1458)	77	464	220	0	464	0	0	0	0	100.00	0.00	0.00
SRR9275425.asm1	f__Bifidobacteriaceae (UID1462)	65	476	217	0	476	0	0	0	0	100.00	0.00	0.00
SRR9275428.asm1	f__Bifidobacteriaceae (UID1462)	65	476	217	0	476	0	0	0	0	100.00	0.00	0.00
SRR9275430.asm1	f__Bifidobacteriaceae (UID1462)	65	476	217	0	476	0	0	0	0	100.00	0.00	0.00
SRR9275431.asm1	g__Bacteroides (UID2691)	33	839	309	3	836	0	0	0	0	99.46	0.00	0.00
SRR9275434.asm1	g__Bacteroides (UID2691)	33	839	309	3	836	0	0	0	0	99.46	0.00	0.00
SRR9275439.asm1	g__Bacteroides (UID2691)	33	839	309	3	836	0	0	0	0	99.46	0.00	0.00
SRR9275443.asm1	f__Bifidobacteriaceae (UID1462)	65	476	217	0	476	0	0	0	0	100.00	0.00	0.00
SRR9275445.asm1	f__Bifidobacteriaceae (UID1462)	65	476	217	0	476	0	0	0	0	100.00	0.00	0.00
SRR9275450.asm1	f__Bifidobacteriaceae (UID1462)	65	476	217	0	476	0	0	0	0	100.00	0.00	0.00
SRR9275455.asm1	f__Bifidobacteriaceae (UID1462)	65	476	217	0	476	0	0	0	0	100.00	0.00	0.00
SRR9275458.asm1	f__Bifidobacteriaceae (UID1458)	77	464	220	0	464	0	0	0	0	100.00	0.00	0.00
SRR9275463.asm1	f__Bifidobacteriaceae (UID1462)	65	476	217	0	476	0	0	0	0	100.00	0.00	0.00
SRR9275468.asm1	o__Bacteroidales (UID2657)	160	492	269	2	490	0	0	0	0	99.26	0.00	0.00
SRR9275469.asm1	o__Bacteroidales (UID2657)	160	492	269	2	490	0	0	0	0	99.26	0.00	0.00
SRR9275470.asm1	f__Bifidobacteriaceae (UID1462)	65	476	217	0	476	0	0	0	0	100.00	0.00	0.00
SRR9275472.asm1	f__Bifidobacteriaceae (UID1462)	65	476	217	0	476	0	0	0	0	100.00	0.00	0.00
SRR9275479.asm1	f__Bifidobacteriaceae (UID1458)	77	464	220	0	463	1	0	0	0	100.00	0.45	0.00
SRR9275484.asm1	o__Bacteroidales (UID2654)	163	486	266	2	482	2	0	0	0	99.25	0.31	0.00
SRR9275485.asm1	o__Bacteroidales (UID2654)	163	486	266	2	482	2	0	0	0	99.25	0.31	0.00
SRR9275493.asm1	f__Bifidobacteriaceae (UID1462)	65	476	217	0	476	0	0	0	0	100.00	0.00	0.00
SRR9275498.asm1	f__Bifidobacteriaceae (UID1462)	65	476	217	0	476	0	0	0	0	100.00	0.00	0.00
SRR9275499.asm1	f__Bifidobacteriaceae (UID1462)	65	476	217	0	476	0	0	0	0	100.00	0.00	0.00
SRR9275506.asm1	f__Bifidobacteriaceae (UID1458)	77	464	220	0	463	1	0	0	0	100.00	0.45	0.00
SRR9275512.asm1	f__Bifidobacteriaceae (UID1458)	77	464	220	0	463	1	0	0	0	100.00	0.45	0.00
SRR9275513.asm1	k__Bacteria (UID203)	5449	103	57	0	17	82	3	1	0	100.00	103.05	87.63
SRR9275515.asm1	f__Bifidobacteriaceae (UID1458)	77	464	220	0	463	1	0	0	0	100.00	0.45	0.00
SRR9275516.asm1	f__Bifidobacteriaceae (UID1458)	77	464	220	0	463	1	0	0	0	100.00	0.45	0.00
SRR9275517.asm1	f__Bifidobacteriaceae (UID1458)	77	464	220	0	463	1	0	0	0	100.00	0.45	0.00
SRR9275519.asm1	f__Bifidobacteriaceae (UID1458)	77	464	220	1	462	1	0	0	0	99.55	0.45	0.00
SRR9275525.asm1	f__Bifidobacteriaceae (UID1458)	77	464	220	0	464	0	0	0	0	100.00	0.00	0.00
SRR9275534.asm1	o__Bacteroidales (UID2657)	160	492	269	2	490	0	0	0	0	99.26	0.00	0.00
SRR9275538.asm1	f__Bifidobacteriaceae (UID1462)	65	476	217	0	475	1	0	0	0	100.00	0.06	0.00
SRR9275541.asm1	o__Bacteroidales (UID2654)	163	486	266	2	482	2	0	0	0	99.25	0.31	0.00
SRR9275548.asm1	k__Bacteria (UID203)	5449	104	58	0	27	76	1	0	0	100.00	71.47	0.00
SRR9275549.asm1	o__Bacteroidales (UID2654)	163	486	266	2	482	2	0	0	0	99.25	0.31	0.00
SRR9275557.asm1	f__Bifidobacteriaceae (UID1462)	65	476	217	0	476	0	0	0	0	100.00	0.00	0.00
SRR9275558.asm1	f__Bifidobacteriaceae (UID1462)	65	476	217	0	476	0	0	0	0	100.00	0.00	0.00
SRR9275559.asm1	f__Bifidobacteriaceae (UID1462)	65	476	217	0	476	0	0	0	0	100.00	0.00	0.00
SRR9275562.asm1	f__Bifidobacteriaceae (UID1462)	65	476	217	0	476	0	0	0	0	100.00	0.00	0.00
SRR9275564.asm1	o__Bacteroidales (UID2657)	160	492	269	2	489	1	0	0	0	99.26	0.19	0.00
SRR9275565.asm1	o__Bacteroidales (UID2657)	160	492	269	2	486	4	0	0	0	99.26	0.60	50.00
